STRUCTURE,STRUCTURE_ID,STRUCTURE_NAME,freq,Time frequency,unit,Unit of measure,decision,Decision,isco08,International Standard Classification of Occupations 2008 (ISCO-08),citizen,Country of citizenship,geo,Geopolitical entity (reporting),TIME_PERIOD,Time,OBS_VALUE,Observation value,OBS_FLAG,Observation status (Flag) V2 structure,CONF_STATUS,Confidentiality status (flag)
dataflow,ESTAT:MIGR_RESBC1(1.0),"EU Blue Cards by type of decision, occupation and citizenship",A,Annual,PER,Person,GRNT,Decision to grant,TOTAL,Total,AD,Andorra,EU27_2020,European Union - 27 countries (from 2020),2021,,2,,,,,
dataflow,ESTAT:MIGR_RESBC1(1.0),"EU Blue Cards by type of decision, occupation and citizenship",A,Annual,PER,Person,GRNT,Decision to grant,TOTAL,Total,AD,Andorra,EU27_2020,European Union - 27 countries (from 2020),2022,,0,,,,,
dataflow,ESTAT:MIGR_RESBC1(1.0),"EU Blue Cards by type of decision, occupation and citizenship",A,Annual,PER,Person,GRNT,Decision to grant,TOTAL,Total,AE,United Arab Emirates,EU27_2020,European Union - 27 countries (from 2020),2021,,1,,,,,
dataflow,ESTAT:MIGR_RESBC1(1.0),"EU Blue Cards by type of decision, occupation and citizenship",A,Annual,PER,Person,GRNT,Decision to grant,TOTAL,Total,AE,United Arab Emirates,EU27_2020,European Union - 27 countries (from 2020),2022,,0,,,,,
dataflow,ESTAT:MIGR_RESBC1(1.0),"EU Blue Cards by type of decision, occupation and citizenship",A,Annual,PER,Person,GRNT,Decision to grant,TOTAL,Total,AE,United Arab Emirates,EU27_2020,European Union - 27 countries (from 2020),2023,,2,,,,,
dataflow,ESTAT:MIGR_RESBC1(1.0),"EU Blue Cards by type of decision, occupation and citizenship",A,Annual,PER,Person,GRNT,Decision to grant,TOTAL,Total,AF,Afghanistan,EU27_2020,European Union - 27 countries (from 2020),2021,,76,,,,,
dataflow,ESTAT:MIGR_RESBC1(1.0),"EU Blue Cards by type of decision, occupation and citizenship",A,Annual,PER,Person,GRNT,Decision to grant,TOTAL,Total,AF,Afghanistan,EU27_2020,European Union - 27 countries (from 2020),2022,,73,,,,,
dataflow,ESTAT:MIGR_RESBC1(1.0),"EU Blue Cards by type of decision, occupation and citizenship",A,Annual,PER,Person,GRNT,Decision to grant,TOTAL,Total,AF,Afghanistan,EU27_2020,European Union - 27 countries (from 2020),2023,,103,,,,,
dataflow,ESTAT:MIGR_RESBC1(1.0),"EU Blue Cards by type of decision, occupation and citizenship",A,Annual,PER,Person,GRNT,Decision to grant,TOTAL,Total,AG,Antigua and Barbuda,EU27_2020,European Union - 27 countries (from 2020),2021,,0,,,,,
dataflow,ESTAT:MIGR_RESBC1(1.0),"EU Blue Cards by type of decision, occupation and citizenship",A,Annual,PER,Person,GRNT,Decision to grant,TOTAL,Total,AG,Antigua and Barbuda,EU27_2020,European Union - 27 countries (from 2020),2022,,0,,,,,
dataflow,ESTAT:MIGR_RESBC1(1.0),"EU Blue Cards by type of decision, occupation and citizenship",A,Annual,PER,Person,GRNT,Decision to grant,TOTAL,Total,AL,Albania,EU27_2020,European Union - 27 countries (from 2020),2021,,882,,,,,
dataflow,ESTAT:MIGR_RESBC1(1.0),"EU Blue Cards by type of decision, occupation and citizenship",A,Annual,PER,Person,GRNT,Decision to grant,TOTAL,Total,AL,Albania,EU27_2020,European Union - 27 countries (from 2020),2022,,740,,,,,
dataflow,ESTAT:MIGR_RESBC1(1.0),"EU Blue Cards by type of decision, occupation and citizenship",A,Annual,PER,Person,GRNT,Decision to grant,TOTAL,Total,AL,Albania,EU27_2020,European Union - 27 countries (from 2020),2023,,825,,,,,
dataflow,ESTAT:MIGR_RESBC1(1.0),"EU Blue Cards by type of decision, occupation and citizenship",A,Annual,PER,Person,GRNT,Decision to grant,TOTAL,Total,AM,Armenia,EU27_2020,European Union - 27 countries (from 2020),2021,,224,,,,,
dataflow,ESTAT:MIGR_RESBC1(1.0),"EU Blue Cards by type of decision, occupation and citizenship",A,Annual,PER,Person,GRNT,Decision to grant,TOTAL,Total,AM,Armenia,EU27_2020,European Union - 27 countries (from 2020),2022,,232,,,,,
dataflow,ESTAT:MIGR_RESBC1(1.0),"EU Blue Cards by type of decision, occupation and citizenship",A,Annual,PER,Person,GRNT,Decision to grant,TOTAL,Total,AM,Armenia,EU27_2020,European Union - 27 countries (from 2020),2023,,226,,,,,
dataflow,ESTAT:MIGR_RESBC1(1.0),"EU Blue Cards by type of decision, occupation and citizenship",A,Annual,PER,Person,GRNT,Decision to grant,TOTAL,Total,AO,Angola,EU27_2020,European Union - 27 countries (from 2020),2021,,1,,,,,
dataflow,ESTAT:MIGR_RESBC1(1.0),"EU Blue Cards by type of decision, occupation and citizenship",A,Annual,PER,Person,GRNT,Decision to grant,TOTAL,Total,AO,Angola,EU27_2020,European Union - 27 countries (from 2020),2022,,6,,,,,
dataflow,ESTAT:MIGR_RESBC1(1.0),"EU Blue Cards by type of decision, occupation and citizenship",A,Annual,PER,Person,GRNT,Decision to grant,TOTAL,Total,AR,Argentina,EU27_2020,European Union - 27 countries (from 2020),2021,,288,,,,,
dataflow,ESTAT:MIGR_RESBC1(1.0),"EU Blue Cards by type of decision, occupation and citizenship",A,Annual,PER,Person,GRNT,Decision to grant,TOTAL,Total,AR,Argentina,EU27_2020,European Union - 27 countries (from 2020),2022,,344,,,,,
dataflow,ESTAT:MIGR_RESBC1(1.0),"EU Blue Cards by type of decision, occupation and citizenship",A,Annual,PER,Person,GRNT,Decision to grant,TOTAL,Total,AR,Argentina,EU27_2020,European Union - 27 countries (from 2020),2023,,360,,,,,
dataflow,ESTAT:MIGR_RESBC1(1.0),"EU Blue Cards by type of decision, occupation and citizenship",A,Annual,PER,Person,GRNT,Decision to grant,TOTAL,Total,AU,Australia,EU27_2020,European Union - 27 countries (from 2020),2021,,429,,,,,
dataflow,ESTAT:MIGR_RESBC1(1.0),"EU Blue Cards by type of decision, occupation and citizenship",A,Annual,PER,Person,GRNT,Decision to grant,TOTAL,Total,AU,Australia,EU27_2020,European Union - 27 countries (from 2020),2022,,376,,,,,
dataflow,ESTAT:MIGR_RESBC1(1.0),"EU Blue Cards by type of decision, occupation and citizenship",A,Annual,PER,Person,GRNT,Decision to grant,TOTAL,Total,AU,Australia,EU27_2020,European Union - 27 countries (from 2020),2023,,354,,,,,
dataflow,ESTAT:MIGR_RESBC1(1.0),"EU Blue Cards by type of decision, occupation and citizenship",A,Annual,PER,Person,GRNT,Decision to grant,TOTAL,Total,AZ,Azerbaijan,EU27_2020,European Union - 27 countries (from 2020),2021,,726,,,,,
dataflow,ESTAT:MIGR_RESBC1(1.0),"EU Blue Cards by type of decision, occupation and citizenship",A,Annual,PER,Person,GRNT,Decision to grant,TOTAL,Total,AZ,Azerbaijan,EU27_2020,European Union - 27 countries (from 2020),2022,,748,,,,,
dataflow,ESTAT:MIGR_RESBC1(1.0),"EU Blue Cards by type of decision, occupation and citizenship",A,Annual,PER,Person,GRNT,Decision to grant,TOTAL,Total,AZ,Azerbaijan,EU27_2020,European Union - 27 countries (from 2020),2023,,825,,,,,
dataflow,ESTAT:MIGR_RESBC1(1.0),"EU Blue Cards by type of decision, occupation and citizenship",A,Annual,PER,Person,GRNT,Decision to grant,TOTAL,Total,BA,Bosnia and Herzegovina,EU27_2020,European Union - 27 countries (from 2020),2021,,617,,,,,
dataflow,ESTAT:MIGR_RESBC1(1.0),"EU Blue Cards by type of decision, occupation and citizenship",A,Annual,PER,Person,GRNT,Decision to grant,TOTAL,Total,BA,Bosnia and Herzegovina,EU27_2020,European Union - 27 countries (from 2020),2022,,573,,,,,
dataflow,ESTAT:MIGR_RESBC1(1.0),"EU Blue Cards by type of decision, occupation and citizenship",A,Annual,PER,Person,GRNT,Decision to grant,TOTAL,Total,BA,Bosnia and Herzegovina,EU27_2020,European Union - 27 countries (from 2020),2023,,614,,,,,
dataflow,ESTAT:MIGR_RESBC1(1.0),"EU Blue Cards by type of decision, occupation and citizenship",A,Annual,PER,Person,GRNT,Decision to grant,TOTAL,Total,BB,Barbados,EU27_2020,European Union - 27 countries (from 2020),2021,,1,,,,,
dataflow,ESTAT:MIGR_RESBC1(1.0),"EU Blue Cards by type of decision, occupation and citizenship",A,Annual,PER,Person,GRNT,Decision to grant,TOTAL,Total,BB,Barbados,EU27_2020,European Union - 27 countries (from 2020),2022,,0,,,,,
dataflow,ESTAT:MIGR_RESBC1(1.0),"EU Blue Cards by type of decision, occupation and citizenship",A,Annual,PER,Person,GRNT,Decision to grant,TOTAL,Total,BD,Bangladesh,EU27_2020,European Union - 27 countries (from 2020),2021,,438,,,,,
dataflow,ESTAT:MIGR_RESBC1(1.0),"EU Blue Cards by type of decision, occupation and citizenship",A,Annual,PER,Person,GRNT,Decision to grant,TOTAL,Total,BD,Bangladesh,EU27_2020,European Union - 27 countries (from 2020),2022,,599,,,,,
dataflow,ESTAT:MIGR_RESBC1(1.0),"EU Blue Cards by type of decision, occupation and citizenship",A,Annual,PER,Person,GRNT,Decision to grant,TOTAL,Total,BD,Bangladesh,EU27_2020,European Union - 27 countries (from 2020),2023,,637,,,,,
dataflow,ESTAT:MIGR_RESBC1(1.0),"EU Blue Cards by type of decision, occupation and citizenship",A,Annual,PER,Person,GRNT,Decision to grant,TOTAL,Total,BF,Burkina Faso,EU27_2020,European Union - 27 countries (from 2020),2021,,4,,,,,
dataflow,ESTAT:MIGR_RESBC1(1.0),"EU Blue Cards by type of decision, occupation and citizenship",A,Annual,PER,Person,GRNT,Decision to grant,TOTAL,Total,BF,Burkina Faso,EU27_2020,European Union - 27 countries (from 2020),2022,,10,,,,,
dataflow,ESTAT:MIGR_RESBC1(1.0),"EU Blue Cards by type of decision, occupation and citizenship",A,Annual,PER,Person,GRNT,Decision to grant,TOTAL,Total,BH,Bahrain,EU27_2020,European Union - 27 countries (from 2020),2021,,14,,,,,
dataflow,ESTAT:MIGR_RESBC1(1.0),"EU Blue Cards by type of decision, occupation and citizenship",A,Annual,PER,Person,GRNT,Decision to grant,TOTAL,Total,BH,Bahrain,EU27_2020,European Union - 27 countries (from 2020),2022,,11,,,,,
dataflow,ESTAT:MIGR_RESBC1(1.0),"EU Blue Cards by type of decision, occupation and citizenship",A,Annual,PER,Person,GRNT,Decision to grant,TOTAL,Total,BI,Burundi,EU27_2020,European Union - 27 countries (from 2020),2021,,1,,,,,
dataflow,ESTAT:MIGR_RESBC1(1.0),"EU Blue Cards by type of decision, occupation and citizenship",A,Annual,PER,Person,GRNT,Decision to grant,TOTAL,Total,BI,Burundi,EU27_2020,European Union - 27 countries (from 2020),2022,,6,,,,,
dataflow,ESTAT:MIGR_RESBC1(1.0),"EU Blue Cards by type of decision, occupation and citizenship",A,Annual,PER,Person,GRNT,Decision to grant,TOTAL,Total,BJ,Benin,EU27_2020,European Union - 27 countries (from 2020),2021,,11,,,,,
dataflow,ESTAT:MIGR_RESBC1(1.0),"EU Blue Cards by type of decision, occupation and citizenship",A,Annual,PER,Person,GRNT,Decision to grant,TOTAL,Total,BJ,Benin,EU27_2020,European Union - 27 countries (from 2020),2022,,24,,,,,
dataflow,ESTAT:MIGR_RESBC1(1.0),"EU Blue Cards by type of decision, occupation and citizenship",A,Annual,PER,Person,GRNT,Decision to grant,TOTAL,Total,BJ,Benin,EU27_2020,European Union - 27 countries (from 2020),2023,,19,,,,,
dataflow,ESTAT:MIGR_RESBC1(1.0),"EU Blue Cards by type of decision, occupation and citizenship",A,Annual,PER,Person,GRNT,Decision to grant,TOTAL,Total,BN,Brunei Darussalam,EU27_2020,European Union - 27 countries (from 2020),2021,,0,,,,,
dataflow,ESTAT:MIGR_RESBC1(1.0),"EU Blue Cards by type of decision, occupation and citizenship",A,Annual,PER,Person,GRNT,Decision to grant,TOTAL,Total,BN,Brunei Darussalam,EU27_2020,European Union - 27 countries (from 2020),2022,,1,,,,,
dataflow,ESTAT:MIGR_RESBC1(1.0),"EU Blue Cards by type of decision, occupation and citizenship",A,Annual,PER,Person,GRNT,Decision to grant,TOTAL,Total,BO,Bolivia,EU27_2020,European Union - 27 countries (from 2020),2021,,59,,,,,
dataflow,ESTAT:MIGR_RESBC1(1.0),"EU Blue Cards by type of decision, occupation and citizenship",A,Annual,PER,Person,GRNT,Decision to grant,TOTAL,Total,BO,Bolivia,EU27_2020,European Union - 27 countries (from 2020),2022,,73,,,,,
dataflow,ESTAT:MIGR_RESBC1(1.0),"EU Blue Cards by type of decision, occupation and citizenship",A,Annual,PER,Person,GRNT,Decision to grant,TOTAL,Total,BO,Bolivia,EU27_2020,European Union - 27 countries (from 2020),2023,,78,,,,,
dataflow,ESTAT:MIGR_RESBC1(1.0),"EU Blue Cards by type of decision, occupation and citizenship",A,Annual,PER,Person,GRNT,Decision to grant,TOTAL,Total,BR,Brazil,EU27_2020,European Union - 27 countries (from 2020),2021,,1738,,,,,
dataflow,ESTAT:MIGR_RESBC1(1.0),"EU Blue Cards by type of decision, occupation and citizenship",A,Annual,PER,Person,GRNT,Decision to grant,TOTAL,Total,BR,Brazil,EU27_2020,European Union - 27 countries (from 2020),2022,,2144,,,,,
dataflow,ESTAT:MIGR_RESBC1(1.0),"EU Blue Cards by type of decision, occupation and citizenship",A,Annual,PER,Person,GRNT,Decision to grant,TOTAL,Total,BR,Brazil,EU27_2020,European Union - 27 countries (from 2020),2023,,1919,,,,,
dataflow,ESTAT:MIGR_RESBC1(1.0),"EU Blue Cards by type of decision, occupation and citizenship",A,Annual,PER,Person,GRNT,Decision to grant,TOTAL,Total,BS,Bahamas,EU27_2020,European Union - 27 countries (from 2020),2021,,4,,,,,
dataflow,ESTAT:MIGR_RESBC1(1.0),"EU Blue Cards by type of decision, occupation and citizenship",A,Annual,PER,Person,GRNT,Decision to grant,TOTAL,Total,BS,Bahamas,EU27_2020,European Union - 27 countries (from 2020),2022,,2,,,,,
dataflow,ESTAT:MIGR_RESBC1(1.0),"EU Blue Cards by type of decision, occupation and citizenship",A,Annual,PER,Person,GRNT,Decision to grant,TOTAL,Total,BT,Bhutan,EU27_2020,European Union - 27 countries (from 2020),2021,,2,,,,,
dataflow,ESTAT:MIGR_RESBC1(1.0),"EU Blue Cards by type of decision, occupation and citizenship",A,Annual,PER,Person,GRNT,Decision to grant,TOTAL,Total,BT,Bhutan,EU27_2020,European Union - 27 countries (from 2020),2022,,0,,,,,
dataflow,ESTAT:MIGR_RESBC1(1.0),"EU Blue Cards by type of decision, occupation and citizenship",A,Annual,PER,Person,GRNT,Decision to grant,TOTAL,Total,BW,Botswana,EU27_2020,European Union - 27 countries (from 2020),2021,,3,,,,,
dataflow,ESTAT:MIGR_RESBC1(1.0),"EU Blue Cards by type of decision, occupation and citizenship",A,Annual,PER,Person,GRNT,Decision to grant,TOTAL,Total,BW,Botswana,EU27_2020,European Union - 27 countries (from 2020),2022,,3,,,,,
dataflow,ESTAT:MIGR_RESBC1(1.0),"EU Blue Cards by type of decision, occupation and citizenship",A,Annual,PER,Person,GRNT,Decision to grant,TOTAL,Total,BY,Belarus,EU27_2020,European Union - 27 countries (from 2020),2021,,2191,,,,,
dataflow,ESTAT:MIGR_RESBC1(1.0),"EU Blue Cards by type of decision, occupation and citizenship",A,Annual,PER,Person,GRNT,Decision to grant,TOTAL,Total,BY,Belarus,EU27_2020,European Union - 27 countries (from 2020),2022,,5541,,,,,
dataflow,ESTAT:MIGR_RESBC1(1.0),"EU Blue Cards by type of decision, occupation and citizenship",A,Annual,PER,Person,GRNT,Decision to grant,TOTAL,Total,BY,Belarus,EU27_2020,European Union - 27 countries (from 2020),2023,,5294,,,,,
dataflow,ESTAT:MIGR_RESBC1(1.0),"EU Blue Cards by type of decision, occupation and citizenship",A,Annual,PER,Person,GRNT,Decision to grant,TOTAL,Total,BZ,Belize,EU27_2020,European Union - 27 countries (from 2020),2021,,0,,,,,
dataflow,ESTAT:MIGR_RESBC1(1.0),"EU Blue Cards by type of decision, occupation and citizenship",A,Annual,PER,Person,GRNT,Decision to grant,TOTAL,Total,BZ,Belize,EU27_2020,European Union - 27 countries (from 2020),2022,,1,,,,,
dataflow,ESTAT:MIGR_RESBC1(1.0),"EU Blue Cards by type of decision, occupation and citizenship",A,Annual,PER,Person,GRNT,Decision to grant,TOTAL,Total,CA,Canada,EU27_2020,European Union - 27 countries (from 2020),2021,,495,,,,,
dataflow,ESTAT:MIGR_RESBC1(1.0),"EU Blue Cards by type of decision, occupation and citizenship",A,Annual,PER,Person,GRNT,Decision to grant,TOTAL,Total,CA,Canada,EU27_2020,European Union - 27 countries (from 2020),2022,,476,,,,,
dataflow,ESTAT:MIGR_RESBC1(1.0),"EU Blue Cards by type of decision, occupation and citizenship",A,Annual,PER,Person,GRNT,Decision to grant,TOTAL,Total,CA,Canada,EU27_2020,European Union - 27 countries (from 2020),2023,,610,,,,,
dataflow,ESTAT:MIGR_RESBC1(1.0),"EU Blue Cards by type of decision, occupation and citizenship",A,Annual,PER,Person,GRNT,Decision to grant,TOTAL,Total,CD,Democratic Republic of the Congo,EU27_2020,European Union - 27 countries (from 2020),2021,,9,,,,,
dataflow,ESTAT:MIGR_RESBC1(1.0),"EU Blue Cards by type of decision, occupation and citizenship",A,Annual,PER,Person,GRNT,Decision to grant,TOTAL,Total,CD,Democratic Republic of the Congo,EU27_2020,European Union - 27 countries (from 2020),2022,,17,,,,,
dataflow,ESTAT:MIGR_RESBC1(1.0),"EU Blue Cards by type of decision, occupation and citizenship",A,Annual,PER,Person,GRNT,Decision to grant,TOTAL,Total,CF,Central African Republic,EU27_2020,European Union - 27 countries (from 2020),2021,,0,,,,,
dataflow,ESTAT:MIGR_RESBC1(1.0),"EU Blue Cards by type of decision, occupation and citizenship",A,Annual,PER,Person,GRNT,Decision to grant,TOTAL,Total,CF,Central African Republic,EU27_2020,European Union - 27 countries (from 2020),2022,,1,,,,,
dataflow,ESTAT:MIGR_RESBC1(1.0),"EU Blue Cards by type of decision, occupation and citizenship",A,Annual,PER,Person,GRNT,Decision to grant,TOTAL,Total,CG,Congo,EU27_2020,European Union - 27 countries (from 2020),2021,,5,,,,,
dataflow,ESTAT:MIGR_RESBC1(1.0),"EU Blue Cards by type of decision, occupation and citizenship",A,Annual,PER,Person,GRNT,Decision to grant,TOTAL,Total,CG,Congo,EU27_2020,European Union - 27 countries (from 2020),2022,,6,,,,,
dataflow,ESTAT:MIGR_RESBC1(1.0),"EU Blue Cards by type of decision, occupation and citizenship",A,Annual,PER,Person,GRNT,Decision to grant,TOTAL,Total,CG,Congo,EU27_2020,European Union - 27 countries (from 2020),2023,,6,,,,,
dataflow,ESTAT:MIGR_RESBC1(1.0),"EU Blue Cards by type of decision, occupation and citizenship",A,Annual,PER,Person,GRNT,Decision to grant,TOTAL,Total,CH,Switzerland,EU27_2020,European Union - 27 countries (from 2020),2021,,0,,,,,
dataflow,ESTAT:MIGR_RESBC1(1.0),"EU Blue Cards by type of decision, occupation and citizenship",A,Annual,PER,Person,GRNT,Decision to grant,TOTAL,Total,CH,Switzerland,EU27_2020,European Union - 27 countries (from 2020),2022,,0,,,,,
dataflow,ESTAT:MIGR_RESBC1(1.0),"EU Blue Cards by type of decision, occupation and citizenship",A,Annual,PER,Person,GRNT,Decision to grant,TOTAL,Total,CI,Côte d’Ivoire,EU27_2020,European Union - 27 countries (from 2020),2021,,10,,,,,
dataflow,ESTAT:MIGR_RESBC1(1.0),"EU Blue Cards by type of decision, occupation and citizenship",A,Annual,PER,Person,GRNT,Decision to grant,TOTAL,Total,CI,Côte d’Ivoire,EU27_2020,European Union - 27 countries (from 2020),2022,,27,,,,,
dataflow,ESTAT:MIGR_RESBC1(1.0),"EU Blue Cards by type of decision, occupation and citizenship",A,Annual,PER,Person,GRNT,Decision to grant,TOTAL,Total,CK,Cook Islands,EU27_2020,European Union - 27 countries (from 2020),2021,,0,,,,,
dataflow,ESTAT:MIGR_RESBC1(1.0),"EU Blue Cards by type of decision, occupation and citizenship",A,Annual,PER,Person,GRNT,Decision to grant,TOTAL,Total,CK,Cook Islands,EU27_2020,European Union - 27 countries (from 2020),2022,,0,,,,,
dataflow,ESTAT:MIGR_RESBC1(1.0),"EU Blue Cards by type of decision, occupation and citizenship",A,Annual,PER,Person,GRNT,Decision to grant,TOTAL,Total,CL,Chile,EU27_2020,European Union - 27 countries (from 2020),2021,,225,,,,,
dataflow,ESTAT:MIGR_RESBC1(1.0),"EU Blue Cards by type of decision, occupation and citizenship",A,Annual,PER,Person,GRNT,Decision to grant,TOTAL,Total,CL,Chile,EU27_2020,European Union - 27 countries (from 2020),2022,,197,,,,,
dataflow,ESTAT:MIGR_RESBC1(1.0),"EU Blue Cards by type of decision, occupation and citizenship",A,Annual,PER,Person,GRNT,Decision to grant,TOTAL,Total,CL,Chile,EU27_2020,European Union - 27 countries (from 2020),2023,,255,,,,,
dataflow,ESTAT:MIGR_RESBC1(1.0),"EU Blue Cards by type of decision, occupation and citizenship",A,Annual,PER,Person,GRNT,Decision to grant,TOTAL,Total,CM,Cameroon,EU27_2020,European Union - 27 countries (from 2020),2021,,447,,,,,
dataflow,ESTAT:MIGR_RESBC1(1.0),"EU Blue Cards by type of decision, occupation and citizenship",A,Annual,PER,Person,GRNT,Decision to grant,TOTAL,Total,CM,Cameroon,EU27_2020,European Union - 27 countries (from 2020),2022,,572,,,,,
dataflow,ESTAT:MIGR_RESBC1(1.0),"EU Blue Cards by type of decision, occupation and citizenship",A,Annual,PER,Person,GRNT,Decision to grant,TOTAL,Total,CN,China,EU27_2020,European Union - 27 countries (from 2020),2021,,4211,,,,,
dataflow,ESTAT:MIGR_RESBC1(1.0),"EU Blue Cards by type of decision, occupation and citizenship",A,Annual,PER,Person,GRNT,Decision to grant,TOTAL,Total,CN,China,EU27_2020,European Union - 27 countries (from 2020),2022,,3485,,,,,
dataflow,ESTAT:MIGR_RESBC1(1.0),"EU Blue Cards by type of decision, occupation and citizenship",A,Annual,PER,Person,GRNT,Decision to grant,TOTAL,Total,CN,China,EU27_2020,European Union - 27 countries (from 2020),2023,,3792,,,,,
dataflow,ESTAT:MIGR_RESBC1(1.0),"EU Blue Cards by type of decision, occupation and citizenship",A,Annual,PER,Person,GRNT,Decision to grant,TOTAL,Total,CO,Colombia,EU27_2020,European Union - 27 countries (from 2020),2021,,794,,,,,
dataflow,ESTAT:MIGR_RESBC1(1.0),"EU Blue Cards by type of decision, occupation and citizenship",A,Annual,PER,Person,GRNT,Decision to grant,TOTAL,Total,CO,Colombia,EU27_2020,European Union - 27 countries (from 2020),2022,,889,,,,,
dataflow,ESTAT:MIGR_RESBC1(1.0),"EU Blue Cards by type of decision, occupation and citizenship",A,Annual,PER,Person,GRNT,Decision to grant,TOTAL,Total,CO,Colombia,EU27_2020,European Union - 27 countries (from 2020),2023,,990,,,,,
dataflow,ESTAT:MIGR_RESBC1(1.0),"EU Blue Cards by type of decision, occupation and citizenship",A,Annual,PER,Person,GRNT,Decision to grant,TOTAL,Total,CR,Costa Rica,EU27_2020,European Union - 27 countries (from 2020),2021,,81,,,,,
dataflow,ESTAT:MIGR_RESBC1(1.0),"EU Blue Cards by type of decision, occupation and citizenship",A,Annual,PER,Person,GRNT,Decision to grant,TOTAL,Total,CR,Costa Rica,EU27_2020,European Union - 27 countries (from 2020),2022,,102,,,,,
dataflow,ESTAT:MIGR_RESBC1(1.0),"EU Blue Cards by type of decision, occupation and citizenship",A,Annual,PER,Person,GRNT,Decision to grant,TOTAL,Total,CR,Costa Rica,EU27_2020,European Union - 27 countries (from 2020),2023,,113,,,,,
dataflow,ESTAT:MIGR_RESBC1(1.0),"EU Blue Cards by type of decision, occupation and citizenship",A,Annual,PER,Person,GRNT,Decision to grant,TOTAL,Total,CU,Cuba,EU27_2020,European Union - 27 countries (from 2020),2021,,95,,,,,
dataflow,ESTAT:MIGR_RESBC1(1.0),"EU Blue Cards by type of decision, occupation and citizenship",A,Annual,PER,Person,GRNT,Decision to grant,TOTAL,Total,CU,Cuba,EU27_2020,European Union - 27 countries (from 2020),2022,,109,,,,,
dataflow,ESTAT:MIGR_RESBC1(1.0),"EU Blue Cards by type of decision, occupation and citizenship",A,Annual,PER,Person,GRNT,Decision to grant,TOTAL,Total,CV,Cabo Verde,EU27_2020,European Union - 27 countries (from 2020),2021,,2,,,,,
dataflow,ESTAT:MIGR_RESBC1(1.0),"EU Blue Cards by type of decision, occupation and citizenship",A,Annual,PER,Person,GRNT,Decision to grant,TOTAL,Total,CV,Cabo Verde,EU27_2020,European Union - 27 countries (from 2020),2022,,1,,,,,
dataflow,ESTAT:MIGR_RESBC1(1.0),"EU Blue Cards by type of decision, occupation and citizenship",A,Annual,PER,Person,GRNT,Decision to grant,TOTAL,Total,DJ,Djibouti,EU27_2020,European Union - 27 countries (from 2020),2021,,2,,,,,
dataflow,ESTAT:MIGR_RESBC1(1.0),"EU Blue Cards by type of decision, occupation and citizenship",A,Annual,PER,Person,GRNT,Decision to grant,TOTAL,Total,DJ,Djibouti,EU27_2020,European Union - 27 countries (from 2020),2022,,3,,,,,
dataflow,ESTAT:MIGR_RESBC1(1.0),"EU Blue Cards by type of decision, occupation and citizenship",A,Annual,PER,Person,GRNT,Decision to grant,TOTAL,Total,DM,Dominica,EU27_2020,European Union - 27 countries (from 2020),2021,,3,,,,,
dataflow,ESTAT:MIGR_RESBC1(1.0),"EU Blue Cards by type of decision, occupation and citizenship",A,Annual,PER,Person,GRNT,Decision to grant,TOTAL,Total,DM,Dominica,EU27_2020,European Union - 27 countries (from 2020),2022,,4,,,,,
dataflow,ESTAT:MIGR_RESBC1(1.0),"EU Blue Cards by type of decision, occupation and citizenship",A,Annual,PER,Person,GRNT,Decision to grant,TOTAL,Total,DO,Dominican Republic,EU27_2020,European Union - 27 countries (from 2020),2021,,36,,,,,
dataflow,ESTAT:MIGR_RESBC1(1.0),"EU Blue Cards by type of decision, occupation and citizenship",A,Annual,PER,Person,GRNT,Decision to grant,TOTAL,Total,DO,Dominican Republic,EU27_2020,European Union - 27 countries (from 2020),2022,,48,,,,,
dataflow,ESTAT:MIGR_RESBC1(1.0),"EU Blue Cards by type of decision, occupation and citizenship",A,Annual,PER,Person,GRNT,Decision to grant,TOTAL,Total,DZ,Algeria,EU27_2020,European Union - 27 countries (from 2020),2021,,250,,,,,
dataflow,ESTAT:MIGR_RESBC1(1.0),"EU Blue Cards by type of decision, occupation and citizenship",A,Annual,PER,Person,GRNT,Decision to grant,TOTAL,Total,DZ,Algeria,EU27_2020,European Union - 27 countries (from 2020),2022,,243,,,,,
dataflow,ESTAT:MIGR_RESBC1(1.0),"EU Blue Cards by type of decision, occupation and citizenship",A,Annual,PER,Person,GRNT,Decision to grant,TOTAL,Total,DZ,Algeria,EU27_2020,European Union - 27 countries (from 2020),2023,,286,,,,,
dataflow,ESTAT:MIGR_RESBC1(1.0),"EU Blue Cards by type of decision, occupation and citizenship",A,Annual,PER,Person,GRNT,Decision to grant,TOTAL,Total,EC,Ecuador,EU27_2020,European Union - 27 countries (from 2020),2021,,120,,,,,
dataflow,ESTAT:MIGR_RESBC1(1.0),"EU Blue Cards by type of decision, occupation and citizenship",A,Annual,PER,Person,GRNT,Decision to grant,TOTAL,Total,EC,Ecuador,EU27_2020,European Union - 27 countries (from 2020),2022,,147,,,,,
dataflow,ESTAT:MIGR_RESBC1(1.0),"EU Blue Cards by type of decision, occupation and citizenship",A,Annual,PER,Person,GRNT,Decision to grant,TOTAL,Total,EC,Ecuador,EU27_2020,European Union - 27 countries (from 2020),2023,,196,,,,,
dataflow,ESTAT:MIGR_RESBC1(1.0),"EU Blue Cards by type of decision, occupation and citizenship",A,Annual,PER,Person,GRNT,Decision to grant,TOTAL,Total,EG,Egypt,EU27_2020,European Union - 27 countries (from 2020),2021,,2144,,,,,
dataflow,ESTAT:MIGR_RESBC1(1.0),"EU Blue Cards by type of decision, occupation and citizenship",A,Annual,PER,Person,GRNT,Decision to grant,TOTAL,Total,EG,Egypt,EU27_2020,European Union - 27 countries (from 2020),2022,,2399,,,,,
dataflow,ESTAT:MIGR_RESBC1(1.0),"EU Blue Cards by type of decision, occupation and citizenship",A,Annual,PER,Person,GRNT,Decision to grant,TOTAL,Total,EG,Egypt,EU27_2020,European Union - 27 countries (from 2020),2023,,2529,,,,,
dataflow,ESTAT:MIGR_RESBC1(1.0),"EU Blue Cards by type of decision, occupation and citizenship",A,Annual,PER,Person,GRNT,Decision to grant,TOTAL,Total,EH,Western Sahara,EU27_2020,European Union - 27 countries (from 2020),2021,,0,,,,,
dataflow,ESTAT:MIGR_RESBC1(1.0),"EU Blue Cards by type of decision, occupation and citizenship",A,Annual,PER,Person,GRNT,Decision to grant,TOTAL,Total,EH,Western Sahara,EU27_2020,European Union - 27 countries (from 2020),2022,,0,,,,,
dataflow,ESTAT:MIGR_RESBC1(1.0),"EU Blue Cards by type of decision, occupation and citizenship",A,Annual,PER,Person,GRNT,Decision to grant,TOTAL,Total,ER,Eritrea,EU27_2020,European Union - 27 countries (from 2020),2021,,3,,,,,
dataflow,ESTAT:MIGR_RESBC1(1.0),"EU Blue Cards by type of decision, occupation and citizenship",A,Annual,PER,Person,GRNT,Decision to grant,TOTAL,Total,ER,Eritrea,EU27_2020,European Union - 27 countries (from 2020),2022,,5,,,,,
dataflow,ESTAT:MIGR_RESBC1(1.0),"EU Blue Cards by type of decision, occupation and citizenship",A,Annual,PER,Person,GRNT,Decision to grant,TOTAL,Total,ET,Ethiopia,EU27_2020,European Union - 27 countries (from 2020),2021,,43,,,,,
dataflow,ESTAT:MIGR_RESBC1(1.0),"EU Blue Cards by type of decision, occupation and citizenship",A,Annual,PER,Person,GRNT,Decision to grant,TOTAL,Total,ET,Ethiopia,EU27_2020,European Union - 27 countries (from 2020),2022,,59,,,,,
dataflow,ESTAT:MIGR_RESBC1(1.0),"EU Blue Cards by type of decision, occupation and citizenship",A,Annual,PER,Person,GRNT,Decision to grant,TOTAL,Total,FJ,Fiji,EU27_2020,European Union - 27 countries (from 2020),2021,,0,,,,,
dataflow,ESTAT:MIGR_RESBC1(1.0),"EU Blue Cards by type of decision, occupation and citizenship",A,Annual,PER,Person,GRNT,Decision to grant,TOTAL,Total,FJ,Fiji,EU27_2020,European Union - 27 countries (from 2020),2022,,3,,,,,
dataflow,ESTAT:MIGR_RESBC1(1.0),"EU Blue Cards by type of decision, occupation and citizenship",A,Annual,PER,Person,GRNT,Decision to grant,TOTAL,Total,FM,Federated States of Micronesia,EU27_2020,European Union - 27 countries (from 2020),2021,,0,,,,,
dataflow,ESTAT:MIGR_RESBC1(1.0),"EU Blue Cards by type of decision, occupation and citizenship",A,Annual,PER,Person,GRNT,Decision to grant,TOTAL,Total,FM,Federated States of Micronesia,EU27_2020,European Union - 27 countries (from 2020),2022,,0,,,,,
dataflow,ESTAT:MIGR_RESBC1(1.0),"EU Blue Cards by type of decision, occupation and citizenship",A,Annual,PER,Person,GRNT,Decision to grant,TOTAL,Total,GA,Gabon,EU27_2020,European Union - 27 countries (from 2020),2021,,7,,,,,
dataflow,ESTAT:MIGR_RESBC1(1.0),"EU Blue Cards by type of decision, occupation and citizenship",A,Annual,PER,Person,GRNT,Decision to grant,TOTAL,Total,GA,Gabon,EU27_2020,European Union - 27 countries (from 2020),2022,,9,,,,,
dataflow,ESTAT:MIGR_RESBC1(1.0),"EU Blue Cards by type of decision, occupation and citizenship",A,Annual,PER,Person,GRNT,Decision to grant,TOTAL,Total,GD,Grenada,EU27_2020,European Union - 27 countries (from 2020),2021,,4,,,,,
dataflow,ESTAT:MIGR_RESBC1(1.0),"EU Blue Cards by type of decision, occupation and citizenship",A,Annual,PER,Person,GRNT,Decision to grant,TOTAL,Total,GD,Grenada,EU27_2020,European Union - 27 countries (from 2020),2022,,2,,,,,
dataflow,ESTAT:MIGR_RESBC1(1.0),"EU Blue Cards by type of decision, occupation and citizenship",A,Annual,PER,Person,GRNT,Decision to grant,TOTAL,Total,GE,Georgia,EU27_2020,European Union - 27 countries (from 2020),2021,,235,,,,,
dataflow,ESTAT:MIGR_RESBC1(1.0),"EU Blue Cards by type of decision, occupation and citizenship",A,Annual,PER,Person,GRNT,Decision to grant,TOTAL,Total,GE,Georgia,EU27_2020,European Union - 27 countries (from 2020),2022,,216,,,,,
dataflow,ESTAT:MIGR_RESBC1(1.0),"EU Blue Cards by type of decision, occupation and citizenship",A,Annual,PER,Person,GRNT,Decision to grant,TOTAL,Total,GE,Georgia,EU27_2020,European Union - 27 countries (from 2020),2023,,277,,,,,
dataflow,ESTAT:MIGR_RESBC1(1.0),"EU Blue Cards by type of decision, occupation and citizenship",A,Annual,PER,Person,GRNT,Decision to grant,TOTAL,Total,GH,Ghana,EU27_2020,European Union - 27 countries (from 2020),2021,,78,,,,,
dataflow,ESTAT:MIGR_RESBC1(1.0),"EU Blue Cards by type of decision, occupation and citizenship",A,Annual,PER,Person,GRNT,Decision to grant,TOTAL,Total,GH,Ghana,EU27_2020,European Union - 27 countries (from 2020),2022,,140,,,,,
dataflow,ESTAT:MIGR_RESBC1(1.0),"EU Blue Cards by type of decision, occupation and citizenship",A,Annual,PER,Person,GRNT,Decision to grant,TOTAL,Total,GH,Ghana,EU27_2020,European Union - 27 countries (from 2020),2023,,131,,,,,
dataflow,ESTAT:MIGR_RESBC1(1.0),"EU Blue Cards by type of decision, occupation and citizenship",A,Annual,PER,Person,GRNT,Decision to grant,TOTAL,Total,GM,"Gambia, The",EU27_2020,European Union - 27 countries (from 2020),2021,,2,,,,,
dataflow,ESTAT:MIGR_RESBC1(1.0),"EU Blue Cards by type of decision, occupation and citizenship",A,Annual,PER,Person,GRNT,Decision to grant,TOTAL,Total,GM,"Gambia, The",EU27_2020,European Union - 27 countries (from 2020),2022,,4,,,,,
dataflow,ESTAT:MIGR_RESBC1(1.0),"EU Blue Cards by type of decision, occupation and citizenship",A,Annual,PER,Person,GRNT,Decision to grant,TOTAL,Total,GN,Guinea,EU27_2020,European Union - 27 countries (from 2020),2021,,6,,,,,
dataflow,ESTAT:MIGR_RESBC1(1.0),"EU Blue Cards by type of decision, occupation and citizenship",A,Annual,PER,Person,GRNT,Decision to grant,TOTAL,Total,GN,Guinea,EU27_2020,European Union - 27 countries (from 2020),2022,,4,,,,,
dataflow,ESTAT:MIGR_RESBC1(1.0),"EU Blue Cards by type of decision, occupation and citizenship",A,Annual,PER,Person,GRNT,Decision to grant,TOTAL,Total,GQ,Equatorial Guinea,EU27_2020,European Union - 27 countries (from 2020),2021,,0,,,,,
dataflow,ESTAT:MIGR_RESBC1(1.0),"EU Blue Cards by type of decision, occupation and citizenship",A,Annual,PER,Person,GRNT,Decision to grant,TOTAL,Total,GQ,Equatorial Guinea,EU27_2020,European Union - 27 countries (from 2020),2022,,0,,,,,
dataflow,ESTAT:MIGR_RESBC1(1.0),"EU Blue Cards by type of decision, occupation and citizenship",A,Annual,PER,Person,GRNT,Decision to grant,TOTAL,Total,GT,Guatemala,EU27_2020,European Union - 27 countries (from 2020),2021,,43,,,,,
dataflow,ESTAT:MIGR_RESBC1(1.0),"EU Blue Cards by type of decision, occupation and citizenship",A,Annual,PER,Person,GRNT,Decision to grant,TOTAL,Total,GT,Guatemala,EU27_2020,European Union - 27 countries (from 2020),2022,,58,,,,,
dataflow,ESTAT:MIGR_RESBC1(1.0),"EU Blue Cards by type of decision, occupation and citizenship",A,Annual,PER,Person,GRNT,Decision to grant,TOTAL,Total,GT,Guatemala,EU27_2020,European Union - 27 countries (from 2020),2023,,58,,,,,
dataflow,ESTAT:MIGR_RESBC1(1.0),"EU Blue Cards by type of decision, occupation and citizenship",A,Annual,PER,Person,GRNT,Decision to grant,TOTAL,Total,GW,Guinea-Bissau,EU27_2020,European Union - 27 countries (from 2020),2021,,1,,,,,
dataflow,ESTAT:MIGR_RESBC1(1.0),"EU Blue Cards by type of decision, occupation and citizenship",A,Annual,PER,Person,GRNT,Decision to grant,TOTAL,Total,GW,Guinea-Bissau,EU27_2020,European Union - 27 countries (from 2020),2022,,1,,,,,
dataflow,ESTAT:MIGR_RESBC1(1.0),"EU Blue Cards by type of decision, occupation and citizenship",A,Annual,PER,Person,GRNT,Decision to grant,TOTAL,Total,GY,Guyana,EU27_2020,European Union - 27 countries (from 2020),2021,,0,,,,,
dataflow,ESTAT:MIGR_RESBC1(1.0),"EU Blue Cards by type of decision, occupation and citizenship",A,Annual,PER,Person,GRNT,Decision to grant,TOTAL,Total,GY,Guyana,EU27_2020,European Union - 27 countries (from 2020),2022,,0,,,,,
dataflow,ESTAT:MIGR_RESBC1(1.0),"EU Blue Cards by type of decision, occupation and citizenship",A,Annual,PER,Person,GRNT,Decision to grant,TOTAL,Total,HN,Honduras,EU27_2020,European Union - 27 countries (from 2020),2021,,70,,,,,
dataflow,ESTAT:MIGR_RESBC1(1.0),"EU Blue Cards by type of decision, occupation and citizenship",A,Annual,PER,Person,GRNT,Decision to grant,TOTAL,Total,HN,Honduras,EU27_2020,European Union - 27 countries (from 2020),2022,,78,,,,,
dataflow,ESTAT:MIGR_RESBC1(1.0),"EU Blue Cards by type of decision, occupation and citizenship",A,Annual,PER,Person,GRNT,Decision to grant,TOTAL,Total,HR,Croatia,EU27_2020,European Union - 27 countries (from 2020),2021,,0,,,,,
dataflow,ESTAT:MIGR_RESBC1(1.0),"EU Blue Cards by type of decision, occupation and citizenship",A,Annual,PER,Person,GRNT,Decision to grant,TOTAL,Total,HR,Croatia,EU27_2020,European Union - 27 countries (from 2020),2022,,0,,,,,
dataflow,ESTAT:MIGR_RESBC1(1.0),"EU Blue Cards by type of decision, occupation and citizenship",A,Annual,PER,Person,GRNT,Decision to grant,TOTAL,Total,HT,Haiti,EU27_2020,European Union - 27 countries (from 2020),2021,,8,,,,,
dataflow,ESTAT:MIGR_RESBC1(1.0),"EU Blue Cards by type of decision, occupation and citizenship",A,Annual,PER,Person,GRNT,Decision to grant,TOTAL,Total,HT,Haiti,EU27_2020,European Union - 27 countries (from 2020),2022,,5,,,,,
dataflow,ESTAT:MIGR_RESBC1(1.0),"EU Blue Cards by type of decision, occupation and citizenship",A,Annual,PER,Person,GRNT,Decision to grant,TOTAL,Total,ID,Indonesia,EU27_2020,European Union - 27 countries (from 2020),2021,,389,,,,,
dataflow,ESTAT:MIGR_RESBC1(1.0),"EU Blue Cards by type of decision, occupation and citizenship",A,Annual,PER,Person,GRNT,Decision to grant,TOTAL,Total,ID,Indonesia,EU27_2020,European Union - 27 countries (from 2020),2022,,445,,,,,
dataflow,ESTAT:MIGR_RESBC1(1.0),"EU Blue Cards by type of decision, occupation and citizenship",A,Annual,PER,Person,GRNT,Decision to grant,TOTAL,Total,ID,Indonesia,EU27_2020,European Union - 27 countries (from 2020),2023,,525,,,,,
dataflow,ESTAT:MIGR_RESBC1(1.0),"EU Blue Cards by type of decision, occupation and citizenship",A,Annual,PER,Person,GRNT,Decision to grant,TOTAL,Total,IL,Israel,EU27_2020,European Union - 27 countries (from 2020),2021,,280,,,,,
dataflow,ESTAT:MIGR_RESBC1(1.0),"EU Blue Cards by type of decision, occupation and citizenship",A,Annual,PER,Person,GRNT,Decision to grant,TOTAL,Total,IL,Israel,EU27_2020,European Union - 27 countries (from 2020),2022,,295,,,,,
dataflow,ESTAT:MIGR_RESBC1(1.0),"EU Blue Cards by type of decision, occupation and citizenship",A,Annual,PER,Person,GRNT,Decision to grant,TOTAL,Total,IL,Israel,EU27_2020,European Union - 27 countries (from 2020),2023,,330,,,,,
dataflow,ESTAT:MIGR_RESBC1(1.0),"EU Blue Cards by type of decision, occupation and citizenship",A,Annual,PER,Person,GRNT,Decision to grant,TOTAL,Total,IN,India,EU27_2020,European Union - 27 countries (from 2020),2021,,16772,,,,,
dataflow,ESTAT:MIGR_RESBC1(1.0),"EU Blue Cards by type of decision, occupation and citizenship",A,Annual,PER,Person,GRNT,Decision to grant,TOTAL,Total,IN,India,EU27_2020,European Union - 27 countries (from 2020),2022,,19895,,,,,
dataflow,ESTAT:MIGR_RESBC1(1.0),"EU Blue Cards by type of decision, occupation and citizenship",A,Annual,PER,Person,GRNT,Decision to grant,TOTAL,Total,IN,India,EU27_2020,European Union - 27 countries (from 2020),2023,,21228,,,,,
dataflow,ESTAT:MIGR_RESBC1(1.0),"EU Blue Cards by type of decision, occupation and citizenship",A,Annual,PER,Person,GRNT,Decision to grant,TOTAL,Total,IQ,Iraq,EU27_2020,European Union - 27 countries (from 2020),2021,,2786,,,,,
dataflow,ESTAT:MIGR_RESBC1(1.0),"EU Blue Cards by type of decision, occupation and citizenship",A,Annual,PER,Person,GRNT,Decision to grant,TOTAL,Total,IQ,Iraq,EU27_2020,European Union - 27 countries (from 2020),2022,,3618,,,,,
dataflow,ESTAT:MIGR_RESBC1(1.0),"EU Blue Cards by type of decision, occupation and citizenship",A,Annual,PER,Person,GRNT,Decision to grant,TOTAL,Total,IQ,Iraq,EU27_2020,European Union - 27 countries (from 2020),2023,,3990,,,,,
dataflow,ESTAT:MIGR_RESBC1(1.0),"EU Blue Cards by type of decision, occupation and citizenship",A,Annual,PER,Person,GRNT,Decision to grant,TOTAL,Total,IR,Iran,EU27_2020,European Union - 27 countries (from 2020),2021,,74,,,,,
dataflow,ESTAT:MIGR_RESBC1(1.0),"EU Blue Cards by type of decision, occupation and citizenship",A,Annual,PER,Person,GRNT,Decision to grant,TOTAL,Total,IR,Iran,EU27_2020,European Union - 27 countries (from 2020),2022,,122,,,,,
dataflow,ESTAT:MIGR_RESBC1(1.0),"EU Blue Cards by type of decision, occupation and citizenship",A,Annual,PER,Person,GRNT,Decision to grant,TOTAL,Total,IR,Iran,EU27_2020,European Union - 27 countries (from 2020),2023,,206,,,,,
dataflow,ESTAT:MIGR_RESBC1(1.0),"EU Blue Cards by type of decision, occupation and citizenship",A,Annual,PER,Person,GRNT,Decision to grant,TOTAL,Total,IS,Iceland,EU27_2020,European Union - 27 countries (from 2020),2021,,1,,,,,
dataflow,ESTAT:MIGR_RESBC1(1.0),"EU Blue Cards by type of decision, occupation and citizenship",A,Annual,PER,Person,GRNT,Decision to grant,TOTAL,Total,IS,Iceland,EU27_2020,European Union - 27 countries (from 2020),2022,,0,,,,,
dataflow,ESTAT:MIGR_RESBC1(1.0),"EU Blue Cards by type of decision, occupation and citizenship",A,Annual,PER,Person,GRNT,Decision to grant,TOTAL,Total,JM,Jamaica,EU27_2020,European Union - 27 countries (from 2020),2021,,9,,,,,
dataflow,ESTAT:MIGR_RESBC1(1.0),"EU Blue Cards by type of decision, occupation and citizenship",A,Annual,PER,Person,GRNT,Decision to grant,TOTAL,Total,JM,Jamaica,EU27_2020,European Union - 27 countries (from 2020),2022,,6,,,,,
dataflow,ESTAT:MIGR_RESBC1(1.0),"EU Blue Cards by type of decision, occupation and citizenship",A,Annual,PER,Person,GRNT,Decision to grant,TOTAL,Total,JO,Jordan,EU27_2020,European Union - 27 countries (from 2020),2021,,569,,,,,
dataflow,ESTAT:MIGR_RESBC1(1.0),"EU Blue Cards by type of decision, occupation and citizenship",A,Annual,PER,Person,GRNT,Decision to grant,TOTAL,Total,JO,Jordan,EU27_2020,European Union - 27 countries (from 2020),2022,,618,,,,,
dataflow,ESTAT:MIGR_RESBC1(1.0),"EU Blue Cards by type of decision, occupation and citizenship",A,Annual,PER,Person,GRNT,Decision to grant,TOTAL,Total,JO,Jordan,EU27_2020,European Union - 27 countries (from 2020),2023,,783,,,,,
dataflow,ESTAT:MIGR_RESBC1(1.0),"EU Blue Cards by type of decision, occupation and citizenship",A,Annual,PER,Person,GRNT,Decision to grant,TOTAL,Total,JP,Japan,EU27_2020,European Union - 27 countries (from 2020),2021,,355,,,,,
dataflow,ESTAT:MIGR_RESBC1(1.0),"EU Blue Cards by type of decision, occupation and citizenship",A,Annual,PER,Person,GRNT,Decision to grant,TOTAL,Total,JP,Japan,EU27_2020,European Union - 27 countries (from 2020),2022,,313,,,,,
dataflow,ESTAT:MIGR_RESBC1(1.0),"EU Blue Cards by type of decision, occupation and citizenship",A,Annual,PER,Person,GRNT,Decision to grant,TOTAL,Total,JP,Japan,EU27_2020,European Union - 27 countries (from 2020),2023,,356,,,,,
dataflow,ESTAT:MIGR_RESBC1(1.0),"EU Blue Cards by type of decision, occupation and citizenship",A,Annual,PER,Person,GRNT,Decision to grant,TOTAL,Total,KE,Kenya,EU27_2020,European Union - 27 countries (from 2020),2021,,79,,,,,
dataflow,ESTAT:MIGR_RESBC1(1.0),"EU Blue Cards by type of decision, occupation and citizenship",A,Annual,PER,Person,GRNT,Decision to grant,TOTAL,Total,KE,Kenya,EU27_2020,European Union - 27 countries (from 2020),2022,,109,,,,,
dataflow,ESTAT:MIGR_RESBC1(1.0),"EU Blue Cards by type of decision, occupation and citizenship",A,Annual,PER,Person,GRNT,Decision to grant,TOTAL,Total,KG,Kyrgyzstan,EU27_2020,European Union - 27 countries (from 2020),2021,,70,,,,,
dataflow,ESTAT:MIGR_RESBC1(1.0),"EU Blue Cards by type of decision, occupation and citizenship",A,Annual,PER,Person,GRNT,Decision to grant,TOTAL,Total,KG,Kyrgyzstan,EU27_2020,European Union - 27 countries (from 2020),2022,,69,,,,,
dataflow,ESTAT:MIGR_RESBC1(1.0),"EU Blue Cards by type of decision, occupation and citizenship",A,Annual,PER,Person,GRNT,Decision to grant,TOTAL,Total,KG,Kyrgyzstan,EU27_2020,European Union - 27 countries (from 2020),2023,,85,,,,,
dataflow,ESTAT:MIGR_RESBC1(1.0),"EU Blue Cards by type of decision, occupation and citizenship",A,Annual,PER,Person,GRNT,Decision to grant,TOTAL,Total,KH,Cambodia,EU27_2020,European Union - 27 countries (from 2020),2021,,1,,,,,
dataflow,ESTAT:MIGR_RESBC1(1.0),"EU Blue Cards by type of decision, occupation and citizenship",A,Annual,PER,Person,GRNT,Decision to grant,TOTAL,Total,KH,Cambodia,EU27_2020,European Union - 27 countries (from 2020),2022,,3,,,,,
dataflow,ESTAT:MIGR_RESBC1(1.0),"EU Blue Cards by type of decision, occupation and citizenship",A,Annual,PER,Person,GRNT,Decision to grant,TOTAL,Total,KI,Kiribati,EU27_2020,European Union - 27 countries (from 2020),2021,,0,,,,,
dataflow,ESTAT:MIGR_RESBC1(1.0),"EU Blue Cards by type of decision, occupation and citizenship",A,Annual,PER,Person,GRNT,Decision to grant,TOTAL,Total,KI,Kiribati,EU27_2020,European Union - 27 countries (from 2020),2022,,0,,,,,
dataflow,ESTAT:MIGR_RESBC1(1.0),"EU Blue Cards by type of decision, occupation and citizenship",A,Annual,PER,Person,GRNT,Decision to grant,TOTAL,Total,KM,Comoros,EU27_2020,European Union - 27 countries (from 2020),2021,,0,,,,,
dataflow,ESTAT:MIGR_RESBC1(1.0),"EU Blue Cards by type of decision, occupation and citizenship",A,Annual,PER,Person,GRNT,Decision to grant,TOTAL,Total,KM,Comoros,EU27_2020,European Union - 27 countries (from 2020),2022,,0,,,,,
dataflow,ESTAT:MIGR_RESBC1(1.0),"EU Blue Cards by type of decision, occupation and citizenship",A,Annual,PER,Person,GRNT,Decision to grant,TOTAL,Total,KN,Saint Kitts and Nevis,EU27_2020,European Union - 27 countries (from 2020),2021,,3,,,,,
dataflow,ESTAT:MIGR_RESBC1(1.0),"EU Blue Cards by type of decision, occupation and citizenship",A,Annual,PER,Person,GRNT,Decision to grant,TOTAL,Total,KN,Saint Kitts and Nevis,EU27_2020,European Union - 27 countries (from 2020),2022,,1,,,,,
dataflow,ESTAT:MIGR_RESBC1(1.0),"EU Blue Cards by type of decision, occupation and citizenship",A,Annual,PER,Person,GRNT,Decision to grant,TOTAL,Total,KP,North Korea,EU27_2020,European Union - 27 countries (from 2020),2021,,0,,,,,
dataflow,ESTAT:MIGR_RESBC1(1.0),"EU Blue Cards by type of decision, occupation and citizenship",A,Annual,PER,Person,GRNT,Decision to grant,TOTAL,Total,KP,North Korea,EU27_2020,European Union - 27 countries (from 2020),2022,,0,,,,,
dataflow,ESTAT:MIGR_RESBC1(1.0),"EU Blue Cards by type of decision, occupation and citizenship",A,Annual,PER,Person,GRNT,Decision to grant,TOTAL,Total,KR,South Korea,EU27_2020,European Union - 27 countries (from 2020),2021,,635,,,,,
dataflow,ESTAT:MIGR_RESBC1(1.0),"EU Blue Cards by type of decision, occupation and citizenship",A,Annual,PER,Person,GRNT,Decision to grant,TOTAL,Total,KR,South Korea,EU27_2020,European Union - 27 countries (from 2020),2022,,640,,,,,
dataflow,ESTAT:MIGR_RESBC1(1.0),"EU Blue Cards by type of decision, occupation and citizenship",A,Annual,PER,Person,GRNT,Decision to grant,TOTAL,Total,KR,South Korea,EU27_2020,European Union - 27 countries (from 2020),2023,,609,,,,,
dataflow,ESTAT:MIGR_RESBC1(1.0),"EU Blue Cards by type of decision, occupation and citizenship",A,Annual,PER,Person,GRNT,Decision to grant,TOTAL,Total,KW,Kuwait,EU27_2020,European Union - 27 countries (from 2020),2021,,2,,,,,
dataflow,ESTAT:MIGR_RESBC1(1.0),"EU Blue Cards by type of decision, occupation and citizenship",A,Annual,PER,Person,GRNT,Decision to grant,TOTAL,Total,KW,Kuwait,EU27_2020,European Union - 27 countries (from 2020),2022,,3,,,,,
dataflow,ESTAT:MIGR_RESBC1(1.0),"EU Blue Cards by type of decision, occupation and citizenship",A,Annual,PER,Person,GRNT,Decision to grant,TOTAL,Total,KZ,Kazakhstan,EU27_2020,European Union - 27 countries (from 2020),2021,,269,,,,,
dataflow,ESTAT:MIGR_RESBC1(1.0),"EU Blue Cards by type of decision, occupation and citizenship",A,Annual,PER,Person,GRNT,Decision to grant,TOTAL,Total,KZ,Kazakhstan,EU27_2020,European Union - 27 countries (from 2020),2022,,300,,,,,
dataflow,ESTAT:MIGR_RESBC1(1.0),"EU Blue Cards by type of decision, occupation and citizenship",A,Annual,PER,Person,GRNT,Decision to grant,TOTAL,Total,KZ,Kazakhstan,EU27_2020,European Union - 27 countries (from 2020),2023,,322,,,,,
dataflow,ESTAT:MIGR_RESBC1(1.0),"EU Blue Cards by type of decision, occupation and citizenship",A,Annual,PER,Person,GRNT,Decision to grant,TOTAL,Total,LA,Laos,EU27_2020,European Union - 27 countries (from 2020),2021,,1,,,,,
dataflow,ESTAT:MIGR_RESBC1(1.0),"EU Blue Cards by type of decision, occupation and citizenship",A,Annual,PER,Person,GRNT,Decision to grant,TOTAL,Total,LA,Laos,EU27_2020,European Union - 27 countries (from 2020),2022,,0,,,,,
dataflow,ESTAT:MIGR_RESBC1(1.0),"EU Blue Cards by type of decision, occupation and citizenship",A,Annual,PER,Person,GRNT,Decision to grant,TOTAL,Total,LB,Lebanon,EU27_2020,European Union - 27 countries (from 2020),2021,,619,,,,,
dataflow,ESTAT:MIGR_RESBC1(1.0),"EU Blue Cards by type of decision, occupation and citizenship",A,Annual,PER,Person,GRNT,Decision to grant,TOTAL,Total,LB,Lebanon,EU27_2020,European Union - 27 countries (from 2020),2022,,842,,,,,
dataflow,ESTAT:MIGR_RESBC1(1.0),"EU Blue Cards by type of decision, occupation and citizenship",A,Annual,PER,Person,GRNT,Decision to grant,TOTAL,Total,LB,Lebanon,EU27_2020,European Union - 27 countries (from 2020),2023,,797,,,,,
dataflow,ESTAT:MIGR_RESBC1(1.0),"EU Blue Cards by type of decision, occupation and citizenship",A,Annual,PER,Person,GRNT,Decision to grant,TOTAL,Total,LC,Saint Lucia,EU27_2020,European Union - 27 countries (from 2020),2021,,0,,,,,
dataflow,ESTAT:MIGR_RESBC1(1.0),"EU Blue Cards by type of decision, occupation and citizenship",A,Annual,PER,Person,GRNT,Decision to grant,TOTAL,Total,LC,Saint Lucia,EU27_2020,European Union - 27 countries (from 2020),2022,,0,,,,,
dataflow,ESTAT:MIGR_RESBC1(1.0),"EU Blue Cards by type of decision, occupation and citizenship",A,Annual,PER,Person,GRNT,Decision to grant,TOTAL,Total,LI,Liechtenstein,EU27_2020,European Union - 27 countries (from 2020),2021,,0,,,,,
dataflow,ESTAT:MIGR_RESBC1(1.0),"EU Blue Cards by type of decision, occupation and citizenship",A,Annual,PER,Person,GRNT,Decision to grant,TOTAL,Total,LI,Liechtenstein,EU27_2020,European Union - 27 countries (from 2020),2022,,0,,,,,
dataflow,ESTAT:MIGR_RESBC1(1.0),"EU Blue Cards by type of decision, occupation and citizenship",A,Annual,PER,Person,GRNT,Decision to grant,TOTAL,Total,LK,Sri Lanka,EU27_2020,European Union - 27 countries (from 2020),2021,,86,,,,,
dataflow,ESTAT:MIGR_RESBC1(1.0),"EU Blue Cards by type of decision, occupation and citizenship",A,Annual,PER,Person,GRNT,Decision to grant,TOTAL,Total,LK,Sri Lanka,EU27_2020,European Union - 27 countries (from 2020),2022,,160,,,,,
dataflow,ESTAT:MIGR_RESBC1(1.0),"EU Blue Cards by type of decision, occupation and citizenship",A,Annual,PER,Person,GRNT,Decision to grant,TOTAL,Total,LK,Sri Lanka,EU27_2020,European Union - 27 countries (from 2020),2023,,215,,,,,
dataflow,ESTAT:MIGR_RESBC1(1.0),"EU Blue Cards by type of decision, occupation and citizenship",A,Annual,PER,Person,GRNT,Decision to grant,TOTAL,Total,LR,Liberia,EU27_2020,European Union - 27 countries (from 2020),2021,,0,,,,,
dataflow,ESTAT:MIGR_RESBC1(1.0),"EU Blue Cards by type of decision, occupation and citizenship",A,Annual,PER,Person,GRNT,Decision to grant,TOTAL,Total,LR,Liberia,EU27_2020,European Union - 27 countries (from 2020),2022,,2,,,,,
dataflow,ESTAT:MIGR_RESBC1(1.0),"EU Blue Cards by type of decision, occupation and citizenship",A,Annual,PER,Person,GRNT,Decision to grant,TOTAL,Total,LS,Lesotho,EU27_2020,European Union - 27 countries (from 2020),2021,,0,,,,,
dataflow,ESTAT:MIGR_RESBC1(1.0),"EU Blue Cards by type of decision, occupation and citizenship",A,Annual,PER,Person,GRNT,Decision to grant,TOTAL,Total,LS,Lesotho,EU27_2020,European Union - 27 countries (from 2020),2022,,2,,,,,
dataflow,ESTAT:MIGR_RESBC1(1.0),"EU Blue Cards by type of decision, occupation and citizenship",A,Annual,PER,Person,GRNT,Decision to grant,TOTAL,Total,LY,Libya,EU27_2020,European Union - 27 countries (from 2020),2021,,161,,,,,
dataflow,ESTAT:MIGR_RESBC1(1.0),"EU Blue Cards by type of decision, occupation and citizenship",A,Annual,PER,Person,GRNT,Decision to grant,TOTAL,Total,LY,Libya,EU27_2020,European Union - 27 countries (from 2020),2022,,261,,,,,
dataflow,ESTAT:MIGR_RESBC1(1.0),"EU Blue Cards by type of decision, occupation and citizenship",A,Annual,PER,Person,GRNT,Decision to grant,TOTAL,Total,MA,Morocco,EU27_2020,European Union - 27 countries (from 2020),2021,,832,,,,,
dataflow,ESTAT:MIGR_RESBC1(1.0),"EU Blue Cards by type of decision, occupation and citizenship",A,Annual,PER,Person,GRNT,Decision to grant,TOTAL,Total,MA,Morocco,EU27_2020,European Union - 27 countries (from 2020),2022,,1196,,,,,
dataflow,ESTAT:MIGR_RESBC1(1.0),"EU Blue Cards by type of decision, occupation and citizenship",A,Annual,PER,Person,GRNT,Decision to grant,TOTAL,Total,MA,Morocco,EU27_2020,European Union - 27 countries (from 2020),2023,,1412,,,,,
dataflow,ESTAT:MIGR_RESBC1(1.0),"EU Blue Cards by type of decision, occupation and citizenship",A,Annual,PER,Person,GRNT,Decision to grant,TOTAL,Total,MC,Monaco,EU27_2020,European Union - 27 countries (from 2020),2021,,0,,,,,
dataflow,ESTAT:MIGR_RESBC1(1.0),"EU Blue Cards by type of decision, occupation and citizenship",A,Annual,PER,Person,GRNT,Decision to grant,TOTAL,Total,MC,Monaco,EU27_2020,European Union - 27 countries (from 2020),2022,,0,,,,,
dataflow,ESTAT:MIGR_RESBC1(1.0),"EU Blue Cards by type of decision, occupation and citizenship",A,Annual,PER,Person,GRNT,Decision to grant,TOTAL,Total,MD,Moldova,EU27_2020,European Union - 27 countries (from 2020),2021,,50,,,,,
dataflow,ESTAT:MIGR_RESBC1(1.0),"EU Blue Cards by type of decision, occupation and citizenship",A,Annual,PER,Person,GRNT,Decision to grant,TOTAL,Total,MD,Moldova,EU27_2020,European Union - 27 countries (from 2020),2022,,49,,,,,
dataflow,ESTAT:MIGR_RESBC1(1.0),"EU Blue Cards by type of decision, occupation and citizenship",A,Annual,PER,Person,GRNT,Decision to grant,TOTAL,Total,MD,Moldova,EU27_2020,European Union - 27 countries (from 2020),2023,,54,,,,,
dataflow,ESTAT:MIGR_RESBC1(1.0),"EU Blue Cards by type of decision, occupation and citizenship",A,Annual,PER,Person,GRNT,Decision to grant,TOTAL,Total,ME,Montenegro,EU27_2020,European Union - 27 countries (from 2020),2021,,55,,,,,
dataflow,ESTAT:MIGR_RESBC1(1.0),"EU Blue Cards by type of decision, occupation and citizenship",A,Annual,PER,Person,GRNT,Decision to grant,TOTAL,Total,ME,Montenegro,EU27_2020,European Union - 27 countries (from 2020),2022,,52,,,,,
dataflow,ESTAT:MIGR_RESBC1(1.0),"EU Blue Cards by type of decision, occupation and citizenship",A,Annual,PER,Person,GRNT,Decision to grant,TOTAL,Total,ME,Montenegro,EU27_2020,European Union - 27 countries (from 2020),2023,,38,,,,,
dataflow,ESTAT:MIGR_RESBC1(1.0),"EU Blue Cards by type of decision, occupation and citizenship",A,Annual,PER,Person,GRNT,Decision to grant,TOTAL,Total,MG,Madagascar,EU27_2020,European Union - 27 countries (from 2020),2021,,19,,,,,
dataflow,ESTAT:MIGR_RESBC1(1.0),"EU Blue Cards by type of decision, occupation and citizenship",A,Annual,PER,Person,GRNT,Decision to grant,TOTAL,Total,MG,Madagascar,EU27_2020,European Union - 27 countries (from 2020),2022,,16,,,,,
dataflow,ESTAT:MIGR_RESBC1(1.0),"EU Blue Cards by type of decision, occupation and citizenship",A,Annual,PER,Person,GRNT,Decision to grant,TOTAL,Total,MH,Marshall Islands,EU27_2020,European Union - 27 countries (from 2020),2021,,0,,,,,
dataflow,ESTAT:MIGR_RESBC1(1.0),"EU Blue Cards by type of decision, occupation and citizenship",A,Annual,PER,Person,GRNT,Decision to grant,TOTAL,Total,MH,Marshall Islands,EU27_2020,European Union - 27 countries (from 2020),2022,,0,,,,,
dataflow,ESTAT:MIGR_RESBC1(1.0),"EU Blue Cards by type of decision, occupation and citizenship",A,Annual,PER,Person,GRNT,Decision to grant,TOTAL,Total,MK,North Macedonia,EU27_2020,European Union - 27 countries (from 2020),2021,,334,,,,,
dataflow,ESTAT:MIGR_RESBC1(1.0),"EU Blue Cards by type of decision, occupation and citizenship",A,Annual,PER,Person,GRNT,Decision to grant,TOTAL,Total,MK,North Macedonia,EU27_2020,European Union - 27 countries (from 2020),2022,,332,,,,,
dataflow,ESTAT:MIGR_RESBC1(1.0),"EU Blue Cards by type of decision, occupation and citizenship",A,Annual,PER,Person,GRNT,Decision to grant,TOTAL,Total,MK,North Macedonia,EU27_2020,European Union - 27 countries (from 2020),2023,,426,,,,,
dataflow,ESTAT:MIGR_RESBC1(1.0),"EU Blue Cards by type of decision, occupation and citizenship",A,Annual,PER,Person,GRNT,Decision to grant,TOTAL,Total,ML,Mali,EU27_2020,European Union - 27 countries (from 2020),2021,,2,,,,,
dataflow,ESTAT:MIGR_RESBC1(1.0),"EU Blue Cards by type of decision, occupation and citizenship",A,Annual,PER,Person,GRNT,Decision to grant,TOTAL,Total,ML,Mali,EU27_2020,European Union - 27 countries (from 2020),2022,,4,,,,,
dataflow,ESTAT:MIGR_RESBC1(1.0),"EU Blue Cards by type of decision, occupation and citizenship",A,Annual,PER,Person,GRNT,Decision to grant,TOTAL,Total,MM,Myanmar/Burma,EU27_2020,European Union - 27 countries (from 2020),2021,,5,,,,,
dataflow,ESTAT:MIGR_RESBC1(1.0),"EU Blue Cards by type of decision, occupation and citizenship",A,Annual,PER,Person,GRNT,Decision to grant,TOTAL,Total,MM,Myanmar/Burma,EU27_2020,European Union - 27 countries (from 2020),2022,,9,,,,,
dataflow,ESTAT:MIGR_RESBC1(1.0),"EU Blue Cards by type of decision, occupation and citizenship",A,Annual,PER,Person,GRNT,Decision to grant,TOTAL,Total,MN,Mongolia,EU27_2020,European Union - 27 countries (from 2020),2021,,47,,,,,
dataflow,ESTAT:MIGR_RESBC1(1.0),"EU Blue Cards by type of decision, occupation and citizenship",A,Annual,PER,Person,GRNT,Decision to grant,TOTAL,Total,MN,Mongolia,EU27_2020,European Union - 27 countries (from 2020),2022,,41,,,,,
dataflow,ESTAT:MIGR_RESBC1(1.0),"EU Blue Cards by type of decision, occupation and citizenship",A,Annual,PER,Person,GRNT,Decision to grant,TOTAL,Total,MR,Mauritania,EU27_2020,European Union - 27 countries (from 2020),2021,,3,,,,,
dataflow,ESTAT:MIGR_RESBC1(1.0),"EU Blue Cards by type of decision, occupation and citizenship",A,Annual,PER,Person,GRNT,Decision to grant,TOTAL,Total,MR,Mauritania,EU27_2020,European Union - 27 countries (from 2020),2022,,6,,,,,
dataflow,ESTAT:MIGR_RESBC1(1.0),"EU Blue Cards by type of decision, occupation and citizenship",A,Annual,PER,Person,GRNT,Decision to grant,TOTAL,Total,MU,Mauritius,EU27_2020,European Union - 27 countries (from 2020),2021,,43,,,,,
dataflow,ESTAT:MIGR_RESBC1(1.0),"EU Blue Cards by type of decision, occupation and citizenship",A,Annual,PER,Person,GRNT,Decision to grant,TOTAL,Total,MU,Mauritius,EU27_2020,European Union - 27 countries (from 2020),2022,,48,,,,,
dataflow,ESTAT:MIGR_RESBC1(1.0),"EU Blue Cards by type of decision, occupation and citizenship",A,Annual,PER,Person,GRNT,Decision to grant,TOTAL,Total,MV,Maldives,EU27_2020,European Union - 27 countries (from 2020),2021,,0,,,,,
dataflow,ESTAT:MIGR_RESBC1(1.0),"EU Blue Cards by type of decision, occupation and citizenship",A,Annual,PER,Person,GRNT,Decision to grant,TOTAL,Total,MV,Maldives,EU27_2020,European Union - 27 countries (from 2020),2022,,1,,,,,
dataflow,ESTAT:MIGR_RESBC1(1.0),"EU Blue Cards by type of decision, occupation and citizenship",A,Annual,PER,Person,GRNT,Decision to grant,TOTAL,Total,MW,Malawi,EU27_2020,European Union - 27 countries (from 2020),2021,,2,,,,,
dataflow,ESTAT:MIGR_RESBC1(1.0),"EU Blue Cards by type of decision, occupation and citizenship",A,Annual,PER,Person,GRNT,Decision to grant,TOTAL,Total,MW,Malawi,EU27_2020,European Union - 27 countries (from 2020),2022,,4,,,,,
dataflow,ESTAT:MIGR_RESBC1(1.0),"EU Blue Cards by type of decision, occupation and citizenship",A,Annual,PER,Person,GRNT,Decision to grant,TOTAL,Total,MX,Mexico,EU27_2020,European Union - 27 countries (from 2020),2021,,1119,,,,,
dataflow,ESTAT:MIGR_RESBC1(1.0),"EU Blue Cards by type of decision, occupation and citizenship",A,Annual,PER,Person,GRNT,Decision to grant,TOTAL,Total,MX,Mexico,EU27_2020,European Union - 27 countries (from 2020),2022,,1081,,,,,
dataflow,ESTAT:MIGR_RESBC1(1.0),"EU Blue Cards by type of decision, occupation and citizenship",A,Annual,PER,Person,GRNT,Decision to grant,TOTAL,Total,MX,Mexico,EU27_2020,European Union - 27 countries (from 2020),2023,,1170,,,,,
dataflow,ESTAT:MIGR_RESBC1(1.0),"EU Blue Cards by type of decision, occupation and citizenship",A,Annual,PER,Person,GRNT,Decision to grant,TOTAL,Total,MY,Malaysia,EU27_2020,European Union - 27 countries (from 2020),2021,,238,,,,,
dataflow,ESTAT:MIGR_RESBC1(1.0),"EU Blue Cards by type of decision, occupation and citizenship",A,Annual,PER,Person,GRNT,Decision to grant,TOTAL,Total,MY,Malaysia,EU27_2020,European Union - 27 countries (from 2020),2022,,268,,,,,
dataflow,ESTAT:MIGR_RESBC1(1.0),"EU Blue Cards by type of decision, occupation and citizenship",A,Annual,PER,Person,GRNT,Decision to grant,TOTAL,Total,MY,Malaysia,EU27_2020,European Union - 27 countries (from 2020),2023,,274,,,,,
dataflow,ESTAT:MIGR_RESBC1(1.0),"EU Blue Cards by type of decision, occupation and citizenship",A,Annual,PER,Person,GRNT,Decision to grant,TOTAL,Total,MZ,Mozambique,EU27_2020,European Union - 27 countries (from 2020),2021,,1,,,,,
dataflow,ESTAT:MIGR_RESBC1(1.0),"EU Blue Cards by type of decision, occupation and citizenship",A,Annual,PER,Person,GRNT,Decision to grant,TOTAL,Total,MZ,Mozambique,EU27_2020,European Union - 27 countries (from 2020),2022,,4,,,,,
dataflow,ESTAT:MIGR_RESBC1(1.0),"EU Blue Cards by type of decision, occupation and citizenship",A,Annual,PER,Person,GRNT,Decision to grant,TOTAL,Total,NA,Namibia,EU27_2020,European Union - 27 countries (from 2020),2021,,14,,,,,
dataflow,ESTAT:MIGR_RESBC1(1.0),"EU Blue Cards by type of decision, occupation and citizenship",A,Annual,PER,Person,GRNT,Decision to grant,TOTAL,Total,NA,Namibia,EU27_2020,European Union - 27 countries (from 2020),2022,,10,,,,,
dataflow,ESTAT:MIGR_RESBC1(1.0),"EU Blue Cards by type of decision, occupation and citizenship",A,Annual,PER,Person,GRNT,Decision to grant,TOTAL,Total,NA,Namibia,EU27_2020,European Union - 27 countries (from 2020),2023,,19,,,,,
dataflow,ESTAT:MIGR_RESBC1(1.0),"EU Blue Cards by type of decision, occupation and citizenship",A,Annual,PER,Person,GRNT,Decision to grant,TOTAL,Total,NE,Niger,EU27_2020,European Union - 27 countries (from 2020),2021,,6,,,,,
dataflow,ESTAT:MIGR_RESBC1(1.0),"EU Blue Cards by type of decision, occupation and citizenship",A,Annual,PER,Person,GRNT,Decision to grant,TOTAL,Total,NE,Niger,EU27_2020,European Union - 27 countries (from 2020),2022,,5,,,,,
dataflow,ESTAT:MIGR_RESBC1(1.0),"EU Blue Cards by type of decision, occupation and citizenship",A,Annual,PER,Person,GRNT,Decision to grant,TOTAL,Total,NG,Nigeria,EU27_2020,European Union - 27 countries (from 2020),2021,,458,,,,,
dataflow,ESTAT:MIGR_RESBC1(1.0),"EU Blue Cards by type of decision, occupation and citizenship",A,Annual,PER,Person,GRNT,Decision to grant,TOTAL,Total,NG,Nigeria,EU27_2020,European Union - 27 countries (from 2020),2022,,688,,,,,
dataflow,ESTAT:MIGR_RESBC1(1.0),"EU Blue Cards by type of decision, occupation and citizenship",A,Annual,PER,Person,GRNT,Decision to grant,TOTAL,Total,NG,Nigeria,EU27_2020,European Union - 27 countries (from 2020),2023,,731,,,,,
dataflow,ESTAT:MIGR_RESBC1(1.0),"EU Blue Cards by type of decision, occupation and citizenship",A,Annual,PER,Person,GRNT,Decision to grant,TOTAL,Total,NI,Nicaragua,EU27_2020,European Union - 27 countries (from 2020),2021,,13,,,,,
dataflow,ESTAT:MIGR_RESBC1(1.0),"EU Blue Cards by type of decision, occupation and citizenship",A,Annual,PER,Person,GRNT,Decision to grant,TOTAL,Total,NI,Nicaragua,EU27_2020,European Union - 27 countries (from 2020),2022,,9,,,,,
dataflow,ESTAT:MIGR_RESBC1(1.0),"EU Blue Cards by type of decision, occupation and citizenship",A,Annual,PER,Person,GRNT,Decision to grant,TOTAL,Total,NO,Norway,EU27_2020,European Union - 27 countries (from 2020),2021,,0,,,,,
dataflow,ESTAT:MIGR_RESBC1(1.0),"EU Blue Cards by type of decision, occupation and citizenship",A,Annual,PER,Person,GRNT,Decision to grant,TOTAL,Total,NO,Norway,EU27_2020,European Union - 27 countries (from 2020),2022,,0,,,,,
dataflow,ESTAT:MIGR_RESBC1(1.0),"EU Blue Cards by type of decision, occupation and citizenship",A,Annual,PER,Person,GRNT,Decision to grant,TOTAL,Total,NP,Nepal,EU27_2020,European Union - 27 countries (from 2020),2021,,158,,,,,
dataflow,ESTAT:MIGR_RESBC1(1.0),"EU Blue Cards by type of decision, occupation and citizenship",A,Annual,PER,Person,GRNT,Decision to grant,TOTAL,Total,NP,Nepal,EU27_2020,European Union - 27 countries (from 2020),2022,,193,,,,,
dataflow,ESTAT:MIGR_RESBC1(1.0),"EU Blue Cards by type of decision, occupation and citizenship",A,Annual,PER,Person,GRNT,Decision to grant,TOTAL,Total,NP,Nepal,EU27_2020,European Union - 27 countries (from 2020),2023,,232,,,,,
dataflow,ESTAT:MIGR_RESBC1(1.0),"EU Blue Cards by type of decision, occupation and citizenship",A,Annual,PER,Person,GRNT,Decision to grant,TOTAL,Total,NR,Nauru,EU27_2020,European Union - 27 countries (from 2020),2021,,0,,,,,
dataflow,ESTAT:MIGR_RESBC1(1.0),"EU Blue Cards by type of decision, occupation and citizenship",A,Annual,PER,Person,GRNT,Decision to grant,TOTAL,Total,NR,Nauru,EU27_2020,European Union - 27 countries (from 2020),2022,,0,,,,,
dataflow,ESTAT:MIGR_RESBC1(1.0),"EU Blue Cards by type of decision, occupation and citizenship",A,Annual,PER,Person,GRNT,Decision to grant,TOTAL,Total,NZ,New Zealand,EU27_2020,European Union - 27 countries (from 2020),2021,,99,,,,,
dataflow,ESTAT:MIGR_RESBC1(1.0),"EU Blue Cards by type of decision, occupation and citizenship",A,Annual,PER,Person,GRNT,Decision to grant,TOTAL,Total,NZ,New Zealand,EU27_2020,European Union - 27 countries (from 2020),2022,,94,,,,,
dataflow,ESTAT:MIGR_RESBC1(1.0),"EU Blue Cards by type of decision, occupation and citizenship",A,Annual,PER,Person,GRNT,Decision to grant,TOTAL,Total,NZ,New Zealand,EU27_2020,European Union - 27 countries (from 2020),2023,,91,,,,,
dataflow,ESTAT:MIGR_RESBC1(1.0),"EU Blue Cards by type of decision, occupation and citizenship",A,Annual,PER,Person,GRNT,Decision to grant,TOTAL,Total,OM,Oman,EU27_2020,European Union - 27 countries (from 2020),2021,,3,,,,,
dataflow,ESTAT:MIGR_RESBC1(1.0),"EU Blue Cards by type of decision, occupation and citizenship",A,Annual,PER,Person,GRNT,Decision to grant,TOTAL,Total,OM,Oman,EU27_2020,European Union - 27 countries (from 2020),2022,,3,,,,,
dataflow,ESTAT:MIGR_RESBC1(1.0),"EU Blue Cards by type of decision, occupation and citizenship",A,Annual,PER,Person,GRNT,Decision to grant,TOTAL,Total,PA,Panama,EU27_2020,European Union - 27 countries (from 2020),2021,,17,,,,,
dataflow,ESTAT:MIGR_RESBC1(1.0),"EU Blue Cards by type of decision, occupation and citizenship",A,Annual,PER,Person,GRNT,Decision to grant,TOTAL,Total,PA,Panama,EU27_2020,European Union - 27 countries (from 2020),2022,,25,,,,,
dataflow,ESTAT:MIGR_RESBC1(1.0),"EU Blue Cards by type of decision, occupation and citizenship",A,Annual,PER,Person,GRNT,Decision to grant,TOTAL,Total,PE,Peru,EU27_2020,European Union - 27 countries (from 2020),2021,,190,,,,,
dataflow,ESTAT:MIGR_RESBC1(1.0),"EU Blue Cards by type of decision, occupation and citizenship",A,Annual,PER,Person,GRNT,Decision to grant,TOTAL,Total,PE,Peru,EU27_2020,European Union - 27 countries (from 2020),2022,,239,,,,,
dataflow,ESTAT:MIGR_RESBC1(1.0),"EU Blue Cards by type of decision, occupation and citizenship",A,Annual,PER,Person,GRNT,Decision to grant,TOTAL,Total,PE,Peru,EU27_2020,European Union - 27 countries (from 2020),2023,,251,,,,,
dataflow,ESTAT:MIGR_RESBC1(1.0),"EU Blue Cards by type of decision, occupation and citizenship",A,Annual,PER,Person,GRNT,Decision to grant,TOTAL,Total,PG,Papua New Guinea,EU27_2020,European Union - 27 countries (from 2020),2021,,0,,,,,
dataflow,ESTAT:MIGR_RESBC1(1.0),"EU Blue Cards by type of decision, occupation and citizenship",A,Annual,PER,Person,GRNT,Decision to grant,TOTAL,Total,PG,Papua New Guinea,EU27_2020,European Union - 27 countries (from 2020),2022,,1,,,,,
dataflow,ESTAT:MIGR_RESBC1(1.0),"EU Blue Cards by type of decision, occupation and citizenship",A,Annual,PER,Person,GRNT,Decision to grant,TOTAL,Total,PH,Philippines,EU27_2020,European Union - 27 countries (from 2020),2021,,249,,,,,
dataflow,ESTAT:MIGR_RESBC1(1.0),"EU Blue Cards by type of decision, occupation and citizenship",A,Annual,PER,Person,GRNT,Decision to grant,TOTAL,Total,PH,Philippines,EU27_2020,European Union - 27 countries (from 2020),2022,,344,,,,,
dataflow,ESTAT:MIGR_RESBC1(1.0),"EU Blue Cards by type of decision, occupation and citizenship",A,Annual,PER,Person,GRNT,Decision to grant,TOTAL,Total,PH,Philippines,EU27_2020,European Union - 27 countries (from 2020),2023,,371,,,,,
dataflow,ESTAT:MIGR_RESBC1(1.0),"EU Blue Cards by type of decision, occupation and citizenship",A,Annual,PER,Person,GRNT,Decision to grant,TOTAL,Total,PK,Pakistan,EU27_2020,European Union - 27 countries (from 2020),2021,,1671,,,,,
dataflow,ESTAT:MIGR_RESBC1(1.0),"EU Blue Cards by type of decision, occupation and citizenship",A,Annual,PER,Person,GRNT,Decision to grant,TOTAL,Total,PK,Pakistan,EU27_2020,European Union - 27 countries (from 2020),2022,,2206,,,,,
dataflow,ESTAT:MIGR_RESBC1(1.0),"EU Blue Cards by type of decision, occupation and citizenship",A,Annual,PER,Person,GRNT,Decision to grant,TOTAL,Total,PK,Pakistan,EU27_2020,European Union - 27 countries (from 2020),2023,,2408,,,,,
dataflow,ESTAT:MIGR_RESBC1(1.0),"EU Blue Cards by type of decision, occupation and citizenship",A,Annual,PER,Person,GRNT,Decision to grant,TOTAL,Total,PS,Palestine*,EU27_2020,European Union - 27 countries (from 2020),2021,,2,,,,,
dataflow,ESTAT:MIGR_RESBC1(1.0),"EU Blue Cards by type of decision, occupation and citizenship",A,Annual,PER,Person,GRNT,Decision to grant,TOTAL,Total,PS,Palestine*,EU27_2020,European Union - 27 countries (from 2020),2022,,6,,,,,
dataflow,ESTAT:MIGR_RESBC1(1.0),"EU Blue Cards by type of decision, occupation and citizenship",A,Annual,PER,Person,GRNT,Decision to grant,TOTAL,Total,PW,Palau,EU27_2020,European Union - 27 countries (from 2020),2021,,0,,,,,
dataflow,ESTAT:MIGR_RESBC1(1.0),"EU Blue Cards by type of decision, occupation and citizenship",A,Annual,PER,Person,GRNT,Decision to grant,TOTAL,Total,PW,Palau,EU27_2020,European Union - 27 countries (from 2020),2022,,0,,,,,
dataflow,ESTAT:MIGR_RESBC1(1.0),"EU Blue Cards by type of decision, occupation and citizenship",A,Annual,PER,Person,GRNT,Decision to grant,TOTAL,Total,PY,Paraguay,EU27_2020,European Union - 27 countries (from 2020),2021,,33,,,,,
dataflow,ESTAT:MIGR_RESBC1(1.0),"EU Blue Cards by type of decision, occupation and citizenship",A,Annual,PER,Person,GRNT,Decision to grant,TOTAL,Total,PY,Paraguay,EU27_2020,European Union - 27 countries (from 2020),2022,,29,,,,,
dataflow,ESTAT:MIGR_RESBC1(1.0),"EU Blue Cards by type of decision, occupation and citizenship",A,Annual,PER,Person,GRNT,Decision to grant,TOTAL,Total,QA,Qatar,EU27_2020,European Union - 27 countries (from 2020),2021,,0,,,,,
dataflow,ESTAT:MIGR_RESBC1(1.0),"EU Blue Cards by type of decision, occupation and citizenship",A,Annual,PER,Person,GRNT,Decision to grant,TOTAL,Total,QA,Qatar,EU27_2020,European Union - 27 countries (from 2020),2022,,2,,,,,
dataflow,ESTAT:MIGR_RESBC1(1.0),"EU Blue Cards by type of decision, occupation and citizenship",A,Annual,PER,Person,GRNT,Decision to grant,TOTAL,Total,RS,Serbia,EU27_2020,European Union - 27 countries (from 2020),2021,,1585,,,,,
dataflow,ESTAT:MIGR_RESBC1(1.0),"EU Blue Cards by type of decision, occupation and citizenship",A,Annual,PER,Person,GRNT,Decision to grant,TOTAL,Total,RS,Serbia,EU27_2020,European Union - 27 countries (from 2020),2022,,1291,,,,,
dataflow,ESTAT:MIGR_RESBC1(1.0),"EU Blue Cards by type of decision, occupation and citizenship",A,Annual,PER,Person,GRNT,Decision to grant,TOTAL,Total,RS,Serbia,EU27_2020,European Union - 27 countries (from 2020),2023,,1241,,,,,
dataflow,ESTAT:MIGR_RESBC1(1.0),"EU Blue Cards by type of decision, occupation and citizenship",A,Annual,PER,Person,GRNT,Decision to grant,TOTAL,Total,RU,Russia,EU27_2020,European Union - 27 countries (from 2020),2021,,4872,,,,,
dataflow,ESTAT:MIGR_RESBC1(1.0),"EU Blue Cards by type of decision, occupation and citizenship",A,Annual,PER,Person,GRNT,Decision to grant,TOTAL,Total,RU,Russia,EU27_2020,European Union - 27 countries (from 2020),2022,,7602,,,,,
dataflow,ESTAT:MIGR_RESBC1(1.0),"EU Blue Cards by type of decision, occupation and citizenship",A,Annual,PER,Person,GRNT,Decision to grant,TOTAL,Total,RU,Russia,EU27_2020,European Union - 27 countries (from 2020),2023,,9488,,,,,
dataflow,ESTAT:MIGR_RESBC1(1.0),"EU Blue Cards by type of decision, occupation and citizenship",A,Annual,PER,Person,GRNT,Decision to grant,TOTAL,Total,RW,Rwanda,EU27_2020,European Union - 27 countries (from 2020),2021,,20,,,,,
dataflow,ESTAT:MIGR_RESBC1(1.0),"EU Blue Cards by type of decision, occupation and citizenship",A,Annual,PER,Person,GRNT,Decision to grant,TOTAL,Total,RW,Rwanda,EU27_2020,European Union - 27 countries (from 2020),2022,,18,,,,,
dataflow,ESTAT:MIGR_RESBC1(1.0),"EU Blue Cards by type of decision, occupation and citizenship",A,Annual,PER,Person,GRNT,Decision to grant,TOTAL,Total,SA,Saudi Arabia,EU27_2020,European Union - 27 countries (from 2020),2021,,132,,,,,
dataflow,ESTAT:MIGR_RESBC1(1.0),"EU Blue Cards by type of decision, occupation and citizenship",A,Annual,PER,Person,GRNT,Decision to grant,TOTAL,Total,SA,Saudi Arabia,EU27_2020,European Union - 27 countries (from 2020),2022,,107,,,,,
dataflow,ESTAT:MIGR_RESBC1(1.0),"EU Blue Cards by type of decision, occupation and citizenship",A,Annual,PER,Person,GRNT,Decision to grant,TOTAL,Total,SB,Solomon Islands,EU27_2020,European Union - 27 countries (from 2020),2021,,0,,,,,
dataflow,ESTAT:MIGR_RESBC1(1.0),"EU Blue Cards by type of decision, occupation and citizenship",A,Annual,PER,Person,GRNT,Decision to grant,TOTAL,Total,SB,Solomon Islands,EU27_2020,European Union - 27 countries (from 2020),2022,,0,,,,,
dataflow,ESTAT:MIGR_RESBC1(1.0),"EU Blue Cards by type of decision, occupation and citizenship",A,Annual,PER,Person,GRNT,Decision to grant,TOTAL,Total,SC,Seychelles,EU27_2020,European Union - 27 countries (from 2020),2021,,0,,,,,
dataflow,ESTAT:MIGR_RESBC1(1.0),"EU Blue Cards by type of decision, occupation and citizenship",A,Annual,PER,Person,GRNT,Decision to grant,TOTAL,Total,SC,Seychelles,EU27_2020,European Union - 27 countries (from 2020),2022,,0,,,,,
dataflow,ESTAT:MIGR_RESBC1(1.0),"EU Blue Cards by type of decision, occupation and citizenship",A,Annual,PER,Person,GRNT,Decision to grant,TOTAL,Total,SD,Sudan,EU27_2020,European Union - 27 countries (from 2020),2021,,98,,,,,
dataflow,ESTAT:MIGR_RESBC1(1.0),"EU Blue Cards by type of decision, occupation and citizenship",A,Annual,PER,Person,GRNT,Decision to grant,TOTAL,Total,SD,Sudan,EU27_2020,European Union - 27 countries (from 2020),2022,,125,,,,,
dataflow,ESTAT:MIGR_RESBC1(1.0),"EU Blue Cards by type of decision, occupation and citizenship",A,Annual,PER,Person,GRNT,Decision to grant,TOTAL,Total,SG,Singapore,EU27_2020,European Union - 27 countries (from 2020),2021,,133,,,,,
dataflow,ESTAT:MIGR_RESBC1(1.0),"EU Blue Cards by type of decision, occupation and citizenship",A,Annual,PER,Person,GRNT,Decision to grant,TOTAL,Total,SG,Singapore,EU27_2020,European Union - 27 countries (from 2020),2022,,137,,,,,
dataflow,ESTAT:MIGR_RESBC1(1.0),"EU Blue Cards by type of decision, occupation and citizenship",A,Annual,PER,Person,GRNT,Decision to grant,TOTAL,Total,SG,Singapore,EU27_2020,European Union - 27 countries (from 2020),2023,,134,,,,,
dataflow,ESTAT:MIGR_RESBC1(1.0),"EU Blue Cards by type of decision, occupation and citizenship",A,Annual,PER,Person,GRNT,Decision to grant,TOTAL,Total,SL,Sierra Leone,EU27_2020,European Union - 27 countries (from 2020),2021,,1,,,,,
dataflow,ESTAT:MIGR_RESBC1(1.0),"EU Blue Cards by type of decision, occupation and citizenship",A,Annual,PER,Person,GRNT,Decision to grant,TOTAL,Total,SL,Sierra Leone,EU27_2020,European Union - 27 countries (from 2020),2022,,3,,,,,
dataflow,ESTAT:MIGR_RESBC1(1.0),"EU Blue Cards by type of decision, occupation and citizenship",A,Annual,PER,Person,GRNT,Decision to grant,TOTAL,Total,SM,San Marino,EU27_2020,European Union - 27 countries (from 2020),2021,,0,,,,,
dataflow,ESTAT:MIGR_RESBC1(1.0),"EU Blue Cards by type of decision, occupation and citizenship",A,Annual,PER,Person,GRNT,Decision to grant,TOTAL,Total,SM,San Marino,EU27_2020,European Union - 27 countries (from 2020),2022,,1,,,,,
dataflow,ESTAT:MIGR_RESBC1(1.0),"EU Blue Cards by type of decision, occupation and citizenship",A,Annual,PER,Person,GRNT,Decision to grant,TOTAL,Total,SN,Senegal,EU27_2020,European Union - 27 countries (from 2020),2021,,17,,,,,
dataflow,ESTAT:MIGR_RESBC1(1.0),"EU Blue Cards by type of decision, occupation and citizenship",A,Annual,PER,Person,GRNT,Decision to grant,TOTAL,Total,SN,Senegal,EU27_2020,European Union - 27 countries (from 2020),2022,,33,,,,,
dataflow,ESTAT:MIGR_RESBC1(1.0),"EU Blue Cards by type of decision, occupation and citizenship",A,Annual,PER,Person,GRNT,Decision to grant,TOTAL,Total,SN,Senegal,EU27_2020,European Union - 27 countries (from 2020),2023,,45,,,,,
dataflow,ESTAT:MIGR_RESBC1(1.0),"EU Blue Cards by type of decision, occupation and citizenship",A,Annual,PER,Person,GRNT,Decision to grant,TOTAL,Total,SO,Somalia,EU27_2020,European Union - 27 countries (from 2020),2021,,3,,,,,
dataflow,ESTAT:MIGR_RESBC1(1.0),"EU Blue Cards by type of decision, occupation and citizenship",A,Annual,PER,Person,GRNT,Decision to grant,TOTAL,Total,SO,Somalia,EU27_2020,European Union - 27 countries (from 2020),2022,,3,,,,,
dataflow,ESTAT:MIGR_RESBC1(1.0),"EU Blue Cards by type of decision, occupation and citizenship",A,Annual,PER,Person,GRNT,Decision to grant,TOTAL,Total,SR,Suriname,EU27_2020,European Union - 27 countries (from 2020),2021,,0,,,,,
dataflow,ESTAT:MIGR_RESBC1(1.0),"EU Blue Cards by type of decision, occupation and citizenship",A,Annual,PER,Person,GRNT,Decision to grant,TOTAL,Total,SR,Suriname,EU27_2020,European Union - 27 countries (from 2020),2022,,3,,,,,
dataflow,ESTAT:MIGR_RESBC1(1.0),"EU Blue Cards by type of decision, occupation and citizenship",A,Annual,PER,Person,GRNT,Decision to grant,TOTAL,Total,SS,South Sudan,EU27_2020,European Union - 27 countries (from 2020),2021,,0,,,,,
dataflow,ESTAT:MIGR_RESBC1(1.0),"EU Blue Cards by type of decision, occupation and citizenship",A,Annual,PER,Person,GRNT,Decision to grant,TOTAL,Total,SS,South Sudan,EU27_2020,European Union - 27 countries (from 2020),2022,,1,,,,,
dataflow,ESTAT:MIGR_RESBC1(1.0),"EU Blue Cards by type of decision, occupation and citizenship",A,Annual,PER,Person,GRNT,Decision to grant,TOTAL,Total,ST,São Tomé and Príncipe,EU27_2020,European Union - 27 countries (from 2020),2021,,0,,,,,
dataflow,ESTAT:MIGR_RESBC1(1.0),"EU Blue Cards by type of decision, occupation and citizenship",A,Annual,PER,Person,GRNT,Decision to grant,TOTAL,Total,ST,São Tomé and Príncipe,EU27_2020,European Union - 27 countries (from 2020),2022,,0,,,,,
dataflow,ESTAT:MIGR_RESBC1(1.0),"EU Blue Cards by type of decision, occupation and citizenship",A,Annual,PER,Person,GRNT,Decision to grant,TOTAL,Total,SV,El Salvador,EU27_2020,European Union - 27 countries (from 2020),2021,,74,,,,,
dataflow,ESTAT:MIGR_RESBC1(1.0),"EU Blue Cards by type of decision, occupation and citizenship",A,Annual,PER,Person,GRNT,Decision to grant,TOTAL,Total,SV,El Salvador,EU27_2020,European Union - 27 countries (from 2020),2022,,52,,,,,
dataflow,ESTAT:MIGR_RESBC1(1.0),"EU Blue Cards by type of decision, occupation and citizenship",A,Annual,PER,Person,GRNT,Decision to grant,TOTAL,Total,SY,Syria,EU27_2020,European Union - 27 countries (from 2020),2021,,1392,,,,,
dataflow,ESTAT:MIGR_RESBC1(1.0),"EU Blue Cards by type of decision, occupation and citizenship",A,Annual,PER,Person,GRNT,Decision to grant,TOTAL,Total,SY,Syria,EU27_2020,European Union - 27 countries (from 2020),2022,,1474,,,,,
dataflow,ESTAT:MIGR_RESBC1(1.0),"EU Blue Cards by type of decision, occupation and citizenship",A,Annual,PER,Person,GRNT,Decision to grant,TOTAL,Total,SY,Syria,EU27_2020,European Union - 27 countries (from 2020),2023,,1810,,,,,
dataflow,ESTAT:MIGR_RESBC1(1.0),"EU Blue Cards by type of decision, occupation and citizenship",A,Annual,PER,Person,GRNT,Decision to grant,TOTAL,Total,SZ,Eswatini,EU27_2020,European Union - 27 countries (from 2020),2021,,0,,,,,
dataflow,ESTAT:MIGR_RESBC1(1.0),"EU Blue Cards by type of decision, occupation and citizenship",A,Annual,PER,Person,GRNT,Decision to grant,TOTAL,Total,SZ,Eswatini,EU27_2020,European Union - 27 countries (from 2020),2022,,1,,,,,
dataflow,ESTAT:MIGR_RESBC1(1.0),"EU Blue Cards by type of decision, occupation and citizenship",A,Annual,PER,Person,GRNT,Decision to grant,TOTAL,Total,TD,Chad,EU27_2020,European Union - 27 countries (from 2020),2021,,2,,,,,
dataflow,ESTAT:MIGR_RESBC1(1.0),"EU Blue Cards by type of decision, occupation and citizenship",A,Annual,PER,Person,GRNT,Decision to grant,TOTAL,Total,TD,Chad,EU27_2020,European Union - 27 countries (from 2020),2022,,3,,,,,
dataflow,ESTAT:MIGR_RESBC1(1.0),"EU Blue Cards by type of decision, occupation and citizenship",A,Annual,PER,Person,GRNT,Decision to grant,TOTAL,Total,TG,Togo,EU27_2020,European Union - 27 countries (from 2020),2021,,11,,,,,
dataflow,ESTAT:MIGR_RESBC1(1.0),"EU Blue Cards by type of decision, occupation and citizenship",A,Annual,PER,Person,GRNT,Decision to grant,TOTAL,Total,TG,Togo,EU27_2020,European Union - 27 countries (from 2020),2022,,13,,,,,
dataflow,ESTAT:MIGR_RESBC1(1.0),"EU Blue Cards by type of decision, occupation and citizenship",A,Annual,PER,Person,GRNT,Decision to grant,TOTAL,Total,TH,Thailand,EU27_2020,European Union - 27 countries (from 2020),2021,,100,,,,,
dataflow,ESTAT:MIGR_RESBC1(1.0),"EU Blue Cards by type of decision, occupation and citizenship",A,Annual,PER,Person,GRNT,Decision to grant,TOTAL,Total,TH,Thailand,EU27_2020,European Union - 27 countries (from 2020),2022,,117,,,,,
dataflow,ESTAT:MIGR_RESBC1(1.0),"EU Blue Cards by type of decision, occupation and citizenship",A,Annual,PER,Person,GRNT,Decision to grant,TOTAL,Total,TH,Thailand,EU27_2020,European Union - 27 countries (from 2020),2023,,147,,,,,
dataflow,ESTAT:MIGR_RESBC1(1.0),"EU Blue Cards by type of decision, occupation and citizenship",A,Annual,PER,Person,GRNT,Decision to grant,TOTAL,Total,TJ,Tajikistan,EU27_2020,European Union - 27 countries (from 2020),2021,,41,,,,,
dataflow,ESTAT:MIGR_RESBC1(1.0),"EU Blue Cards by type of decision, occupation and citizenship",A,Annual,PER,Person,GRNT,Decision to grant,TOTAL,Total,TJ,Tajikistan,EU27_2020,European Union - 27 countries (from 2020),2022,,42,,,,,
dataflow,ESTAT:MIGR_RESBC1(1.0),"EU Blue Cards by type of decision, occupation and citizenship",A,Annual,PER,Person,GRNT,Decision to grant,TOTAL,Total,TL,Timor-Leste,EU27_2020,European Union - 27 countries (from 2020),2021,,0,,,,,
dataflow,ESTAT:MIGR_RESBC1(1.0),"EU Blue Cards by type of decision, occupation and citizenship",A,Annual,PER,Person,GRNT,Decision to grant,TOTAL,Total,TL,Timor-Leste,EU27_2020,European Union - 27 countries (from 2020),2022,,0,,,,,
dataflow,ESTAT:MIGR_RESBC1(1.0),"EU Blue Cards by type of decision, occupation and citizenship",A,Annual,PER,Person,GRNT,Decision to grant,TOTAL,Total,TM,Turkmenistan,EU27_2020,European Union - 27 countries (from 2020),2021,,19,,,,,
dataflow,ESTAT:MIGR_RESBC1(1.0),"EU Blue Cards by type of decision, occupation and citizenship",A,Annual,PER,Person,GRNT,Decision to grant,TOTAL,Total,TM,Turkmenistan,EU27_2020,European Union - 27 countries (from 2020),2022,,38,,,,,
dataflow,ESTAT:MIGR_RESBC1(1.0),"EU Blue Cards by type of decision, occupation and citizenship",A,Annual,PER,Person,GRNT,Decision to grant,TOTAL,Total,TM,Turkmenistan,EU27_2020,European Union - 27 countries (from 2020),2023,,42,,,,,
dataflow,ESTAT:MIGR_RESBC1(1.0),"EU Blue Cards by type of decision, occupation and citizenship",A,Annual,PER,Person,GRNT,Decision to grant,TOTAL,Total,TN,Tunisia,EU27_2020,European Union - 27 countries (from 2020),2021,,1589,,,,,
dataflow,ESTAT:MIGR_RESBC1(1.0),"EU Blue Cards by type of decision, occupation and citizenship",A,Annual,PER,Person,GRNT,Decision to grant,TOTAL,Total,TN,Tunisia,EU27_2020,European Union - 27 countries (from 2020),2022,,2321,,,,,
dataflow,ESTAT:MIGR_RESBC1(1.0),"EU Blue Cards by type of decision, occupation and citizenship",A,Annual,PER,Person,GRNT,Decision to grant,TOTAL,Total,TN,Tunisia,EU27_2020,European Union - 27 countries (from 2020),2023,,2575,,,,,
dataflow,ESTAT:MIGR_RESBC1(1.0),"EU Blue Cards by type of decision, occupation and citizenship",A,Annual,PER,Person,GRNT,Decision to grant,TOTAL,Total,TO,Tonga,EU27_2020,European Union - 27 countries (from 2020),2021,,0,,,,,
dataflow,ESTAT:MIGR_RESBC1(1.0),"EU Blue Cards by type of decision, occupation and citizenship",A,Annual,PER,Person,GRNT,Decision to grant,TOTAL,Total,TO,Tonga,EU27_2020,European Union - 27 countries (from 2020),2022,,0,,,,,
dataflow,ESTAT:MIGR_RESBC1(1.0),"EU Blue Cards by type of decision, occupation and citizenship",A,Annual,PER,Person,GRNT,Decision to grant,TOTAL,Total,TR,Türkiye,EU27_2020,European Union - 27 countries (from 2020),2021,,4157,,,,,
dataflow,ESTAT:MIGR_RESBC1(1.0),"EU Blue Cards by type of decision, occupation and citizenship",A,Annual,PER,Person,GRNT,Decision to grant,TOTAL,Total,TR,Türkiye,EU27_2020,European Union - 27 countries (from 2020),2022,,5235,,,,,
dataflow,ESTAT:MIGR_RESBC1(1.0),"EU Blue Cards by type of decision, occupation and citizenship",A,Annual,PER,Person,GRNT,Decision to grant,TOTAL,Total,TR,Türkiye,EU27_2020,European Union - 27 countries (from 2020),2023,,5803,,,,,
dataflow,ESTAT:MIGR_RESBC1(1.0),"EU Blue Cards by type of decision, occupation and citizenship",A,Annual,PER,Person,GRNT,Decision to grant,TOTAL,Total,TT,Trinidad and Tobago,EU27_2020,European Union - 27 countries (from 2020),2021,,9,,,,,
dataflow,ESTAT:MIGR_RESBC1(1.0),"EU Blue Cards by type of decision, occupation and citizenship",A,Annual,PER,Person,GRNT,Decision to grant,TOTAL,Total,TT,Trinidad and Tobago,EU27_2020,European Union - 27 countries (from 2020),2022,,6,,,,,
dataflow,ESTAT:MIGR_RESBC1(1.0),"EU Blue Cards by type of decision, occupation and citizenship",A,Annual,PER,Person,GRNT,Decision to grant,TOTAL,Total,TV,Tuvalu,EU27_2020,European Union - 27 countries (from 2020),2021,,0,,,,,
dataflow,ESTAT:MIGR_RESBC1(1.0),"EU Blue Cards by type of decision, occupation and citizenship",A,Annual,PER,Person,GRNT,Decision to grant,TOTAL,Total,TV,Tuvalu,EU27_2020,European Union - 27 countries (from 2020),2022,,1,,,,,
dataflow,ESTAT:MIGR_RESBC1(1.0),"EU Blue Cards by type of decision, occupation and citizenship",A,Annual,PER,Person,GRNT,Decision to grant,TOTAL,Total,TW,Taiwan,EU27_2020,European Union - 27 countries (from 2020),2021,,350,,,,,
dataflow,ESTAT:MIGR_RESBC1(1.0),"EU Blue Cards by type of decision, occupation and citizenship",A,Annual,PER,Person,GRNT,Decision to grant,TOTAL,Total,TW,Taiwan,EU27_2020,European Union - 27 countries (from 2020),2022,,332,,,,,
dataflow,ESTAT:MIGR_RESBC1(1.0),"EU Blue Cards by type of decision, occupation and citizenship",A,Annual,PER,Person,GRNT,Decision to grant,TOTAL,Total,TW,Taiwan,EU27_2020,European Union - 27 countries (from 2020),2023,,391,,,,,
dataflow,ESTAT:MIGR_RESBC1(1.0),"EU Blue Cards by type of decision, occupation and citizenship",A,Annual,PER,Person,GRNT,Decision to grant,TOTAL,Total,TZ,Tanzania,EU27_2020,European Union - 27 countries (from 2020),2021,,16,,,,,
dataflow,ESTAT:MIGR_RESBC1(1.0),"EU Blue Cards by type of decision, occupation and citizenship",A,Annual,PER,Person,GRNT,Decision to grant,TOTAL,Total,TZ,Tanzania,EU27_2020,European Union - 27 countries (from 2020),2022,,20,,,,,
dataflow,ESTAT:MIGR_RESBC1(1.0),"EU Blue Cards by type of decision, occupation and citizenship",A,Annual,PER,Person,GRNT,Decision to grant,TOTAL,Total,UA,Ukraine,EU27_2020,European Union - 27 countries (from 2020),2021,,2881,,,,,
dataflow,ESTAT:MIGR_RESBC1(1.0),"EU Blue Cards by type of decision, occupation and citizenship",A,Annual,PER,Person,GRNT,Decision to grant,TOTAL,Total,UA,Ukraine,EU27_2020,European Union - 27 countries (from 2020),2022,,2582,,,,,
dataflow,ESTAT:MIGR_RESBC1(1.0),"EU Blue Cards by type of decision, occupation and citizenship",A,Annual,PER,Person,GRNT,Decision to grant,TOTAL,Total,UA,Ukraine,EU27_2020,European Union - 27 countries (from 2020),2023,,2743,,,,,
dataflow,ESTAT:MIGR_RESBC1(1.0),"EU Blue Cards by type of decision, occupation and citizenship",A,Annual,PER,Person,GRNT,Decision to grant,TOTAL,Total,UG,Uganda,EU27_2020,European Union - 27 countries (from 2020),2021,,13,,,,,
dataflow,ESTAT:MIGR_RESBC1(1.0),"EU Blue Cards by type of decision, occupation and citizenship",A,Annual,PER,Person,GRNT,Decision to grant,TOTAL,Total,UG,Uganda,EU27_2020,European Union - 27 countries (from 2020),2022,,22,,,,,
dataflow,ESTAT:MIGR_RESBC1(1.0),"EU Blue Cards by type of decision, occupation and citizenship",A,Annual,PER,Person,GRNT,Decision to grant,TOTAL,Total,UK,United Kingdom,EU27_2020,European Union - 27 countries (from 2020),2021,,594,,,,,
dataflow,ESTAT:MIGR_RESBC1(1.0),"EU Blue Cards by type of decision, occupation and citizenship",A,Annual,PER,Person,GRNT,Decision to grant,TOTAL,Total,UK,United Kingdom,EU27_2020,European Union - 27 countries (from 2020),2022,,950,,,,,
dataflow,ESTAT:MIGR_RESBC1(1.0),"EU Blue Cards by type of decision, occupation and citizenship",A,Annual,PER,Person,GRNT,Decision to grant,TOTAL,Total,UK,United Kingdom,EU27_2020,European Union - 27 countries (from 2020),2023,,1074,,,,,
dataflow,ESTAT:MIGR_RESBC1(1.0),"EU Blue Cards by type of decision, occupation and citizenship",A,Annual,PER,Person,GRNT,Decision to grant,TOTAL,Total,US,United States,EU27_2020,European Union - 27 countries (from 2020),2021,,2000,,,,,
dataflow,ESTAT:MIGR_RESBC1(1.0),"EU Blue Cards by type of decision, occupation and citizenship",A,Annual,PER,Person,GRNT,Decision to grant,TOTAL,Total,US,United States,EU27_2020,European Union - 27 countries (from 2020),2022,,1893,,,,,
dataflow,ESTAT:MIGR_RESBC1(1.0),"EU Blue Cards by type of decision, occupation and citizenship",A,Annual,PER,Person,GRNT,Decision to grant,TOTAL,Total,US,United States,EU27_2020,European Union - 27 countries (from 2020),2023,,1920,,,,,
dataflow,ESTAT:MIGR_RESBC1(1.0),"EU Blue Cards by type of decision, occupation and citizenship",A,Annual,PER,Person,GRNT,Decision to grant,TOTAL,Total,UY,Uruguay,EU27_2020,European Union - 27 countries (from 2020),2021,,23,,,,,
dataflow,ESTAT:MIGR_RESBC1(1.0),"EU Blue Cards by type of decision, occupation and citizenship",A,Annual,PER,Person,GRNT,Decision to grant,TOTAL,Total,UY,Uruguay,EU27_2020,European Union - 27 countries (from 2020),2022,,16,,,,,
dataflow,ESTAT:MIGR_RESBC1(1.0),"EU Blue Cards by type of decision, occupation and citizenship",A,Annual,PER,Person,GRNT,Decision to grant,TOTAL,Total,UZ,Uzbekistan,EU27_2020,European Union - 27 countries (from 2020),2021,,142,,,,,
dataflow,ESTAT:MIGR_RESBC1(1.0),"EU Blue Cards by type of decision, occupation and citizenship",A,Annual,PER,Person,GRNT,Decision to grant,TOTAL,Total,UZ,Uzbekistan,EU27_2020,European Union - 27 countries (from 2020),2022,,135,,,,,
dataflow,ESTAT:MIGR_RESBC1(1.0),"EU Blue Cards by type of decision, occupation and citizenship",A,Annual,PER,Person,GRNT,Decision to grant,TOTAL,Total,UZ,Uzbekistan,EU27_2020,European Union - 27 countries (from 2020),2023,,168,,,,,
dataflow,ESTAT:MIGR_RESBC1(1.0),"EU Blue Cards by type of decision, occupation and citizenship",A,Annual,PER,Person,GRNT,Decision to grant,TOTAL,Total,VA,Holy See,EU27_2020,European Union - 27 countries (from 2020),2021,,0,,,,,
dataflow,ESTAT:MIGR_RESBC1(1.0),"EU Blue Cards by type of decision, occupation and citizenship",A,Annual,PER,Person,GRNT,Decision to grant,TOTAL,Total,VA,Holy See,EU27_2020,European Union - 27 countries (from 2020),2022,,0,,,,,
dataflow,ESTAT:MIGR_RESBC1(1.0),"EU Blue Cards by type of decision, occupation and citizenship",A,Annual,PER,Person,GRNT,Decision to grant,TOTAL,Total,VC,Saint Vincent and the Grenadines,EU27_2020,European Union - 27 countries (from 2020),2021,,0,,,,,
dataflow,ESTAT:MIGR_RESBC1(1.0),"EU Blue Cards by type of decision, occupation and citizenship",A,Annual,PER,Person,GRNT,Decision to grant,TOTAL,Total,VC,Saint Vincent and the Grenadines,EU27_2020,European Union - 27 countries (from 2020),2022,,1,,,,,
dataflow,ESTAT:MIGR_RESBC1(1.0),"EU Blue Cards by type of decision, occupation and citizenship",A,Annual,PER,Person,GRNT,Decision to grant,TOTAL,Total,VE,Venezuela,EU27_2020,European Union - 27 countries (from 2020),2021,,299,,,,,
dataflow,ESTAT:MIGR_RESBC1(1.0),"EU Blue Cards by type of decision, occupation and citizenship",A,Annual,PER,Person,GRNT,Decision to grant,TOTAL,Total,VE,Venezuela,EU27_2020,European Union - 27 countries (from 2020),2022,,322,,,,,
dataflow,ESTAT:MIGR_RESBC1(1.0),"EU Blue Cards by type of decision, occupation and citizenship",A,Annual,PER,Person,GRNT,Decision to grant,TOTAL,Total,VE,Venezuela,EU27_2020,European Union - 27 countries (from 2020),2023,,262,,,,,
dataflow,ESTAT:MIGR_RESBC1(1.0),"EU Blue Cards by type of decision, occupation and citizenship",A,Annual,PER,Person,GRNT,Decision to grant,TOTAL,Total,VN,Viet Nam,EU27_2020,European Union - 27 countries (from 2020),2021,,402,,,,,
dataflow,ESTAT:MIGR_RESBC1(1.0),"EU Blue Cards by type of decision, occupation and citizenship",A,Annual,PER,Person,GRNT,Decision to grant,TOTAL,Total,VN,Viet Nam,EU27_2020,European Union - 27 countries (from 2020),2022,,497,,,,,
dataflow,ESTAT:MIGR_RESBC1(1.0),"EU Blue Cards by type of decision, occupation and citizenship",A,Annual,PER,Person,GRNT,Decision to grant,TOTAL,Total,VN,Viet Nam,EU27_2020,European Union - 27 countries (from 2020),2023,,463,,,,,
dataflow,ESTAT:MIGR_RESBC1(1.0),"EU Blue Cards by type of decision, occupation and citizenship",A,Annual,PER,Person,GRNT,Decision to grant,TOTAL,Total,VU,Vanuatu,EU27_2020,European Union - 27 countries (from 2020),2021,,0,,,,,
dataflow,ESTAT:MIGR_RESBC1(1.0),"EU Blue Cards by type of decision, occupation and citizenship",A,Annual,PER,Person,GRNT,Decision to grant,TOTAL,Total,VU,Vanuatu,EU27_2020,European Union - 27 countries (from 2020),2022,,0,,,,,
dataflow,ESTAT:MIGR_RESBC1(1.0),"EU Blue Cards by type of decision, occupation and citizenship",A,Annual,PER,Person,GRNT,Decision to grant,TOTAL,Total,WS,Samoa,EU27_2020,European Union - 27 countries (from 2020),2021,,0,,,,,
dataflow,ESTAT:MIGR_RESBC1(1.0),"EU Blue Cards by type of decision, occupation and citizenship",A,Annual,PER,Person,GRNT,Decision to grant,TOTAL,Total,WS,Samoa,EU27_2020,European Union - 27 countries (from 2020),2022,,0,,,,,
dataflow,ESTAT:MIGR_RESBC1(1.0),"EU Blue Cards by type of decision, occupation and citizenship",A,Annual,PER,Person,GRNT,Decision to grant,TOTAL,Total,XK,Kosovo*,EU27_2020,European Union - 27 countries (from 2020),2021,,6,,,,,
dataflow,ESTAT:MIGR_RESBC1(1.0),"EU Blue Cards by type of decision, occupation and citizenship",A,Annual,PER,Person,GRNT,Decision to grant,TOTAL,Total,XK,Kosovo*,EU27_2020,European Union - 27 countries (from 2020),2022,,6,,,,,
dataflow,ESTAT:MIGR_RESBC1(1.0),"EU Blue Cards by type of decision, occupation and citizenship",A,Annual,PER,Person,GRNT,Decision to grant,TOTAL,Total,XK,Kosovo*,EU27_2020,European Union - 27 countries (from 2020),2023,,16,,,,,
dataflow,ESTAT:MIGR_RESBC1(1.0),"EU Blue Cards by type of decision, occupation and citizenship",A,Annual,PER,Person,GRNT,Decision to grant,TOTAL,Total,YE,Yemen,EU27_2020,European Union - 27 countries (from 2020),2021,,95,,,,,
dataflow,ESTAT:MIGR_RESBC1(1.0),"EU Blue Cards by type of decision, occupation and citizenship",A,Annual,PER,Person,GRNT,Decision to grant,TOTAL,Total,YE,Yemen,EU27_2020,European Union - 27 countries (from 2020),2022,,106,,,,,
dataflow,ESTAT:MIGR_RESBC1(1.0),"EU Blue Cards by type of decision, occupation and citizenship",A,Annual,PER,Person,GRNT,Decision to grant,TOTAL,Total,ZA,South Africa,EU27_2020,European Union - 27 countries (from 2020),2021,,328,,,,,
dataflow,ESTAT:MIGR_RESBC1(1.0),"EU Blue Cards by type of decision, occupation and citizenship",A,Annual,PER,Person,GRNT,Decision to grant,TOTAL,Total,ZA,South Africa,EU27_2020,European Union - 27 countries (from 2020),2022,,431,,,,,
dataflow,ESTAT:MIGR_RESBC1(1.0),"EU Blue Cards by type of decision, occupation and citizenship",A,Annual,PER,Person,GRNT,Decision to grant,TOTAL,Total,ZA,South Africa,EU27_2020,European Union - 27 countries (from 2020),2023,,394,,,,,
dataflow,ESTAT:MIGR_RESBC1(1.0),"EU Blue Cards by type of decision, occupation and citizenship",A,Annual,PER,Person,GRNT,Decision to grant,TOTAL,Total,ZM,Zambia,EU27_2020,European Union - 27 countries (from 2020),2021,,6,,,,,
dataflow,ESTAT:MIGR_RESBC1(1.0),"EU Blue Cards by type of decision, occupation and citizenship",A,Annual,PER,Person,GRNT,Decision to grant,TOTAL,Total,ZM,Zambia,EU27_2020,European Union - 27 countries (from 2020),2022,,9,,,,,
dataflow,ESTAT:MIGR_RESBC1(1.0),"EU Blue Cards by type of decision, occupation and citizenship",A,Annual,PER,Person,GRNT,Decision to grant,TOTAL,Total,ZW,Zimbabwe,EU27_2020,European Union - 27 countries (from 2020),2021,,40,,,,,
dataflow,ESTAT:MIGR_RESBC1(1.0),"EU Blue Cards by type of decision, occupation and citizenship",A,Annual,PER,Person,GRNT,Decision to grant,TOTAL,Total,ZW,Zimbabwe,EU27_2020,European Union - 27 countries (from 2020),2022,,60,,,,,
